#
# A fatal error has been detected by the Java Runtime Environment:
#
#  SIGSEGV (0xb) at pc=0x00007ac9a35ee6ae, pid=277657, tid=311626
#
# JRE version: OpenJDK Runtime Environment (21.0.11+10) (build 21.0.11+10-1-26.04.2-Ubuntu)
# Java VM: OpenJDK 64-Bit Server VM (21.0.11+10-1-26.04.2-Ubuntu, mixed mode, sharing, tiered, compressed oops, compressed class ptrs, g1 gc, linux-amd64)
# Problematic frame:
# C  [libEGL_nvidia.so.0+0xb56ae]
#
# No core dump will be written. Core dumps have been disabled. To enable core dumping, try "ulimit -c unlimited" before starting Java again
#
# If you would like to submit a bug report, please visit:
#   https://bugs.launchpad.net/ubuntu/+source/openjdk-21
#

---------------  S U M M A R Y ------------

Command Line: /home/gooberheads/CodeEnv/JavaGameRepo/JavaGameRepo-main/dist/xenoverse-portable.jar

Host: AMD Ryzen Threadripper 1950X 16-Core Processor, 32 cores, 60G, Ubuntu 26.04 LTS
Time: Sat Jun 20 17:12:25 2026 CDT elapsed time: 544.775720 seconds (0d 0h 9m 4s)

---------------  T H R E A D  ---------------

Current thread is native thread

Stack: [0x00007ac8c7ede000,0x00007ac8c86de000],  sp=0x00007ac8c86dce00,  free space=8187k
Native frames: (J=compiled Java code, j=interpreted, Vv=VM code, C=native code)
C  [libEGL_nvidia.so.0+0xb56ae]

siginfo: si_signo: 11 (SIGSEGV), si_code: 1 (SEGV_MAPERR), si_addr: 0x0000000000000040

Registers:
RAX=0x0000000000000000, RBX=0x00007ac9a19e4cc0, RCX=0x0000000000000001, RDX=0x00007ac9a342c35c
RSP=0x00007ac8c86dce00, RBP=0x00007ac9cc026d40, RSI=0x00007ac9a35e1da0, RDI=0x00007ac9a36794a8
R8 =0x00007aca602b85d0, R9 =0x0000000000000000, R10=0x0000000000000000, R11=0x0000000000000000
R12=0x00007ac9a34315e0, R13=0x00007ac9cc026d40, R14=0x00007ac9cc948080, R15=0x0000000000000000
RIP=0x00007ac9a35ee6ae, EFLAGS=0x0000000000010202, CSGSFS=0x002b000000000033, ERR=0x0000000000000004
  TRAPNO=0x000000000000000e

XMM[0]=0x0000000000000000 0x000000004b912ca2
XMM[1]=0x0000000000000000 0x0000000000000000
XMM[2]=0x0000000000000000 0x00000000000000ff
XMM[3]=0x0000000000000000 0x0000000000000010
XMM[4]=0x0000000000000000 0x0000000000000000
XMM[5]=0x0000000000000000 0x0000000000000000
XMM[6]=0x0000000000000000 0x00007aca28000038
XMM[7]=0x0000000000000000 0x0000000000000000
XMM[8]=0x8b4c10246c8b4c08 0x24748b4c243c8b4c
XMM[9]=0x0000000000000000 0x0000000000000000
XMM[10]=0x3f3f3f3f3f3f3f3f 0x3f3f3f3f3f3f3f3f
XMM[11]=0x9999999999999999 0x9999999999999999
XMM[12]=0x2020202020202020 0x2020202020202020
XMM[13]=0x0000000000ff00fb 0x0000000000fe00fa
XMM[14]=0x0000000000000000 0x0000000000000000
XMM[15]=0x0000000000000000 0x0000000000000000
  MXCSR=0x00001fa2


Top of Stack: (sp=0x00007ac8c86dce00)
0x00007ac8c86dce00:   00007ac9a342e440 00007ac9a19e68aa   @.B..z...h...z..
0x00007ac8c86dce10:   00007ac9a342e440 00007ac9a183f88f   @.B..z.......z..
0x00007ac8c86dce20:   00007aca603ae500 00007ac9a33da6e0   ..:`.z....=..z..
0x00007ac8c86dce30:   00007ac8c86dd6c0 00017ac900000000   ..m..z.......z..
0x00007ac8c86dce40:   00007ac8c86dd6c0 00007ac9cc948080   ..m..z.......z..
0x00007ac8c86dce50:   00007ac9a19e7d50 00007ac8c86dd6c0   P}...z....m..z..
0x00007ac8c86dce60:   00007aca34266b70 00007ac8c86ddce4   pk&4.z....m..z..
0x00007ac8c86dce70:   00007aca34266c77 00007ac9a19e8d2a   wl&4.z..*....z..
0x00007ac8c86dce80:   00007ac8c86dd6c0 00007ac8c86dd6c0   ..m..z....m..z..
0x00007ac8c86dce90:   00007ac8c86dcf70 00007aca69aa40da   p.m..z...@.i.z..
0x00007ac8c86dcea0:   0000000000000000 0000000000801000   ................
0x00007ac8c86dceb0:   00007ac8c7edd000 0000000000000000   .....z..........
0x00007ac8c86dcec0:   ffffffffffffff40 0000000000000000   @...............
0x00007ac8c86dced0:   0000000000000021 00007ac8c86dd6c0   !.........m..z..
0x00007ac8c86dcee0:   00007ac8c86dd6c0 1104a0eda86f141b   ..m..z....o.....
0x00007ac8c86dcef0:   00007ac8c86dd6c0 00007aca34266b70   ..m..z..pk&4.z..
0x00007ac8c86dcf00:   0000000000000000 00007aca34266c77   ........wl&4.z..
0x00007ac8c86dcf10:   1104a0edabcf141b 1101e3624b3d141b   ..........=Kb...
0x00007ac8c86dcf20:   0000000000000000 0000000000000000   ................
0x00007ac8c86dcf30:   0000000000000000 0000000000000000   ................
0x00007ac8c86dcf40:   0000000000000000 7961bbe3da770200   ..........w...ay
0x00007ac8c86dcf50:   0000000000000000 00007aca69aa3de0   .........=.i.z..
0x00007ac8c86dcf60:   0000000000000000 00007aca34266c77   ........wl&4.z..
0x00007ac8c86dcf70:   0000000000000000 00007aca69b377ac   .........w.i.z..
0x00007ac8c86dcf80:   0000000000000000 0000000000000000   ................
0x00007ac8c86dcf90:   0000000000000000 0000000000000000   ................
0x00007ac8c86dcfa0:   0000000000000000 0000000000000000   ................
0x00007ac8c86dcfb0:   0000000000000000 0000000000000000   ................
0x00007ac8c86dcfc0:   0000000000000000 0000000000000000   ................
0x00007ac8c86dcfd0:   0000000000000000 0000000000000000   ................
0x00007ac8c86dcfe0:   0000000000000000 0000000000000000   ................
0x00007ac8c86dcff0:   0000000000000000 0000000000000000   ................

Instructions: (pc=0x00007ac9a35ee6ae)
0x00007ac9a35ee5ae:   4c 24 08 48 85 c0 48 89 c2 74 61 48 89 08 49 8b
0x00007ac9a35ee5be:   44 24 40 48 83 c2 08 48 85 c0 74 41 41 8b 4c 24
0x00007ac9a35ee5ce:   34 31 c0 85 c9 74 19 49 8b 74 24 40 89 c1 83 c0
0x00007ac9a35ee5de:   01 48 8b 34 ce 48 89 34 ca 41 39 44 24 34 77 e7
0x00007ac9a35ee5ee:   49 8b 44 24 40 48 85 c0 74 13 48 8d 78 f8 48 89
0x00007ac9a35ee5fe:   54 24 08 e8 0a a8 00 00 48 8b 54 24 08 45 89 7c
0x00007ac9a35ee60e:   24 34 49 89 54 24 40 e9 9a fe ff ff 45 8b 74 24
0x00007ac9a35ee61e:   34 e9 90 fe ff ff 66 2e 0f 1f 84 00 00 00 00 00
0x00007ac9a35ee62e:   66 90 48 8b 07 48 39 f0 74 58 55 48 89 fd 53 48
0x00007ac9a35ee63e:   89 f3 48 83 ec 08 48 85 c0 74 15 48 8d 78 08 ff
0x00007ac9a35ee64e:   50 18 85 c0 75 0a 48 8b 7d 00 48 8b 07 ff 50 08
0x00007ac9a35ee65e:   48 89 5d 00 48 85 db 74 19 48 8b 43 10 48 83 c4
0x00007ac9a35ee66e:   08 48 8d 7b 08 5b 5d ff e0 66 0f 1f 84 00 00 00
0x00007ac9a35ee67e:   00 00 48 83 c4 08 5b 5d c3 66 0f 1f 84 00 00 00
0x00007ac9a35ee68e:   00 00 c3 66 66 2e 0f 1f 84 00 00 00 00 00 0f 1f
0x00007ac9a35ee69e:   40 00 48 83 ec 08 bf 01 00 00 00 e8 62 4c ff ff
0x00007ac9a35ee6ae:   8b 70 40 48 8d 78 30 48 83 c4 08 e9 12 77 f8 ff
0x00007ac9a35ee6be:   66 90 48 83 ec 18 48 8b 87 b0 04 00 00 ba 04 00
0x00007ac9a35ee6ce:   00 00 be 01 00 00 00 c7 44 24 0c 00 00 00 00 48
0x00007ac9a35ee6de:   8d 4c 24 0c bf 01 00 00 00 ff 90 d8 00 00 00 48
0x00007ac9a35ee6ee:   83 c4 18 c3 66 66 2e 0f 1f 84 00 00 00 00 00 0f
0x00007ac9a35ee6fe:   1f 00 49 89 fa 41 89 d1 40 0f b6 fe 89 ca 49 8b
0x00007ac9a35ee70e:   82 b0 04 00 00 4c 89 c1 44 89 ce 48 8b 80 d8 00
0x00007ac9a35ee71e:   00 00 ff e0 66 66 2e 0f 1f 84 00 00 00 00 00 0f
0x00007ac9a35ee72e:   1f 00 55 40 0f b6 f6 53 48 89 fb 48 83 ec 08 48
0x00007ac9a35ee73e:   8b af b0 04 00 00 e8 b7 ff ff ff ff 95 00 01 00
0x00007ac9a35ee74e:   00 8b 10 89 53 28 48 83 c4 08 5b 5d c3 0f 1f 44
0x00007ac9a35ee75e:   00 00 41 57 41 56 49 89 fe bf 01 00 00 00 41 55
0x00007ac9a35ee76e:   49 89 f5 41 54 55 53 48 83 ec 58 48 89 14 24 e8
0x00007ac9a35ee77e:   8e 4b ff ff 48 c7 44 24 18 00 00 00 00 83 b8 a0
0x00007ac9a35ee78e:   04 00 00 03 4c 8b b8 b0 04 00 00 48 89 c3 44 8b
0x00007ac9a35ee79e:   60 38 0f 84 02 01 00 00 48 8d 4c 24 20 48 8d 70



---------------  P R O C E S S  ---------------

VM state: at safepoint (shutting down)

VM Mutex/Monitor currently owned by a thread:  ([mutex/lock_event])
[0x00007aca6999d0f8] Threads_lock - owner thread: 0x00007aca60157ea0
[0x00007aca6999cff8] Heap_lock - owner thread: 0x00007ac9c8009080

Heap address: 0x0000000439000000, size: 15472 MB, Compressed Oops mode: Zero based, Oop shift amount: 3

CDS archive(s) mapped at: [0x00007ac9df000000-0x00007ac9dfc9c000-0x00007ac9dfc9c000), size 13221888, SharedBaseAddress: 0x00007ac9df000000, ArchiveRelocationMode: 1.
Compressed class space mapped at: 0x00007ac9e0000000-0x00007aca20000000, reserved size: 1073741824
Narrow klass base: 0x00007ac9df000000, Narrow klass shift: 0, Narrow klass range: 0x100000000

GC Precious Log:
<Skipped>

Heap:
 garbage-first heap   total 999424K, used 73746K [0x0000000439000000, 0x0000000800000000)
  region size 8192K, 10 young (81920K), 1 survivors (8192K)
 Metaspace       used 6467K, committed 6656K, reserved 1114112K
  class space    used 339K, committed 448K, reserved 1048576K

Heap Regions: E=young(eden), S=young(survivor), O=old, HS=humongous(starts), HC=humongous(continues), CS=collection set, F=free, TAMS=top-at-mark-start, PB=parsable bottom
|   0|0x0000000439000000, 0x00000004396f6a10, 0x0000000439800000| 87%| O|  |TAMS 0x0000000439000000| PB 0x0000000439000000| Untracked 
|   1|0x0000000439800000, 0x0000000439800000, 0x000000043a000000|  0%| F|  |TAMS 0x0000000439800000| PB 0x0000000439800000| Untracked 
|   2|0x000000043a000000, 0x000000043a000000, 0x000000043a800000|  0%| F|  |TAMS 0x000000043a000000| PB 0x000000043a000000| Untracked 
|   3|0x000000043a800000, 0x000000043a800000, 0x000000043b000000|  0%| F|  |TAMS 0x000000043a800000| PB 0x000000043a800000| Untracked 
|   4|0x000000043b000000, 0x000000043b000000, 0x000000043b800000|  0%| F|  |TAMS 0x000000043b000000| PB 0x000000043b000000| Untracked 
|   5|0x000000043b800000, 0x000000043b800000, 0x000000043c000000|  0%| F|  |TAMS 0x000000043b800000| PB 0x000000043b800000| Untracked 
|   6|0x000000043c000000, 0x000000043c000000, 0x000000043c800000|  0%| F|  |TAMS 0x000000043c000000| PB 0x000000043c000000| Untracked 
|   7|0x000000043c800000, 0x000000043c800000, 0x000000043d000000|  0%| F|  |TAMS 0x000000043c800000| PB 0x000000043c800000| Untracked 
|   8|0x000000043d000000, 0x000000043d000000, 0x000000043d800000|  0%| F|  |TAMS 0x000000043d000000| PB 0x000000043d000000| Untracked 
|   9|0x000000043d800000, 0x000000043d800000, 0x000000043e000000|  0%| F|  |TAMS 0x000000043d800000| PB 0x000000043d800000| Untracked 
|  10|0x000000043e000000, 0x000000043e000000, 0x000000043e800000|  0%| F|  |TAMS 0x000000043e000000| PB 0x000000043e000000| Untracked 
|  11|0x000000043e800000, 0x000000043e800000, 0x000000043f000000|  0%| F|  |TAMS 0x000000043e800000| PB 0x000000043e800000| Untracked 
|  12|0x000000043f000000, 0x000000043f000000, 0x000000043f800000|  0%| F|  |TAMS 0x000000043f000000| PB 0x000000043f000000| Untracked 
|  13|0x000000043f800000, 0x000000043f800000, 0x0000000440000000|  0%| F|  |TAMS 0x000000043f800000| PB 0x000000043f800000| Untracked 
|  14|0x0000000440000000, 0x0000000440000000, 0x0000000440800000|  0%| F|  |TAMS 0x0000000440000000| PB 0x0000000440000000| Untracked 
|  15|0x0000000440800000, 0x0000000440800000, 0x0000000441000000|  0%| F|  |TAMS 0x0000000440800000| PB 0x0000000440800000| Untracked 
|  16|0x0000000441000000, 0x0000000441000000, 0x0000000441800000|  0%| F|  |TAMS 0x0000000441000000| PB 0x0000000441000000| Untracked 
|  17|0x0000000441800000, 0x0000000441800000, 0x0000000442000000|  0%| F|  |TAMS 0x0000000441800000| PB 0x0000000441800000| Untracked 
|  18|0x0000000442000000, 0x0000000442000000, 0x0000000442800000|  0%| F|  |TAMS 0x0000000442000000| PB 0x0000000442000000| Untracked 
|  19|0x0000000442800000, 0x0000000442800000, 0x0000000443000000|  0%| F|  |TAMS 0x0000000442800000| PB 0x0000000442800000| Untracked 
|  20|0x0000000443000000, 0x0000000443000000, 0x0000000443800000|  0%| F|  |TAMS 0x0000000443000000| PB 0x0000000443000000| Untracked 
|  21|0x0000000443800000, 0x0000000443800000, 0x0000000444000000|  0%| F|  |TAMS 0x0000000443800000| PB 0x0000000443800000| Untracked 
|  22|0x0000000444000000, 0x0000000444000000, 0x0000000444800000|  0%| F|  |TAMS 0x0000000444000000| PB 0x0000000444000000| Untracked 
|  23|0x0000000444800000, 0x0000000444800000, 0x0000000445000000|  0%| F|  |TAMS 0x0000000444800000| PB 0x0000000444800000| Untracked 
|  24|0x0000000445000000, 0x0000000445000000, 0x0000000445800000|  0%| F|  |TAMS 0x0000000445000000| PB 0x0000000445000000| Untracked 
|  25|0x0000000445800000, 0x0000000445800000, 0x0000000446000000|  0%| F|  |TAMS 0x0000000445800000| PB 0x0000000445800000| Untracked 
|  26|0x0000000446000000, 0x0000000446000000, 0x0000000446800000|  0%| F|  |TAMS 0x0000000446000000| PB 0x0000000446000000| Untracked 
|  27|0x0000000446800000, 0x0000000446800000, 0x0000000447000000|  0%| F|  |TAMS 0x0000000446800000| PB 0x0000000446800000| Untracked 
|  28|0x0000000447000000, 0x0000000447000000, 0x0000000447800000|  0%| F|  |TAMS 0x0000000447000000| PB 0x0000000447000000| Untracked 
|  29|0x0000000447800000, 0x0000000447800000, 0x0000000448000000|  0%| F|  |TAMS 0x0000000447800000| PB 0x0000000447800000| Untracked 
|  30|0x0000000448000000, 0x0000000448000000, 0x0000000448800000|  0%| F|  |TAMS 0x0000000448000000| PB 0x0000000448000000| Untracked 
|  31|0x0000000448800000, 0x0000000448800000, 0x0000000449000000|  0%| F|  |TAMS 0x0000000448800000| PB 0x0000000448800000| Untracked 
|  32|0x0000000449000000, 0x0000000449000000, 0x0000000449800000|  0%| F|  |TAMS 0x0000000449000000| PB 0x0000000449000000| Untracked 
|  33|0x0000000449800000, 0x0000000449800000, 0x000000044a000000|  0%| F|  |TAMS 0x0000000449800000| PB 0x0000000449800000| Untracked 
|  34|0x000000044a000000, 0x000000044a000000, 0x000000044a800000|  0%| F|  |TAMS 0x000000044a000000| PB 0x000000044a000000| Untracked 
|  35|0x000000044a800000, 0x000000044a800000, 0x000000044b000000|  0%| F|  |TAMS 0x000000044a800000| PB 0x000000044a800000| Untracked 
|  36|0x000000044b000000, 0x000000044b000000, 0x000000044b800000|  0%| F|  |TAMS 0x000000044b000000| PB 0x000000044b000000| Untracked 
|  37|0x000000044b800000, 0x000000044b800000, 0x000000044c000000|  0%| F|  |TAMS 0x000000044b800000| PB 0x000000044b800000| Untracked 
|  38|0x000000044c000000, 0x000000044c000000, 0x000000044c800000|  0%| F|  |TAMS 0x000000044c000000| PB 0x000000044c000000| Untracked 
|  39|0x000000044c800000, 0x000000044c800000, 0x000000044d000000|  0%| F|  |TAMS 0x000000044c800000| PB 0x000000044c800000| Untracked 
|  40|0x000000044d000000, 0x000000044d000000, 0x000000044d800000|  0%| F|  |TAMS 0x000000044d000000| PB 0x000000044d000000| Untracked 
|  41|0x000000044d800000, 0x000000044d800000, 0x000000044e000000|  0%| F|  |TAMS 0x000000044d800000| PB 0x000000044d800000| Untracked 
|  42|0x000000044e000000, 0x000000044e000000, 0x000000044e800000|  0%| F|  |TAMS 0x000000044e000000| PB 0x000000044e000000| Untracked 
|  43|0x000000044e800000, 0x000000044e800000, 0x000000044f000000|  0%| F|  |TAMS 0x000000044e800000| PB 0x000000044e800000| Untracked 
|  44|0x000000044f000000, 0x000000044f000000, 0x000000044f800000|  0%| F|  |TAMS 0x000000044f000000| PB 0x000000044f000000| Untracked 
|  45|0x000000044f800000, 0x000000044f800000, 0x0000000450000000|  0%| F|  |TAMS 0x000000044f800000| PB 0x000000044f800000| Untracked 
|  46|0x0000000450000000, 0x0000000450000000, 0x0000000450800000|  0%| F|  |TAMS 0x0000000450000000| PB 0x0000000450000000| Untracked 
|  47|0x0000000450800000, 0x0000000450800000, 0x0000000451000000|  0%| F|  |TAMS 0x0000000450800000| PB 0x0000000450800000| Untracked 
|  48|0x0000000451000000, 0x0000000451001830, 0x0000000451800000|  0%| S|CS|TAMS 0x0000000451000000| PB 0x0000000451000000| Complete 
|  49|0x0000000451800000, 0x0000000451800000, 0x0000000452000000|  0%| F|  |TAMS 0x0000000451800000| PB 0x0000000451800000| Untracked 
|  50|0x0000000452000000, 0x0000000452000000, 0x0000000452800000|  0%| F|  |TAMS 0x0000000452000000| PB 0x0000000452000000| Untracked 
|  51|0x0000000452800000, 0x0000000452800000, 0x0000000453000000|  0%| F|  |TAMS 0x0000000452800000| PB 0x0000000452800000| Untracked 
|  52|0x0000000453000000, 0x0000000453000000, 0x0000000453800000|  0%| F|  |TAMS 0x0000000453000000| PB 0x0000000453000000| Untracked 
|  53|0x0000000453800000, 0x0000000453800000, 0x0000000454000000|  0%| F|  |TAMS 0x0000000453800000| PB 0x0000000453800000| Untracked 
|  54|0x0000000454000000, 0x0000000454000000, 0x0000000454800000|  0%| F|  |TAMS 0x0000000454000000| PB 0x0000000454000000| Untracked 
|  55|0x0000000454800000, 0x0000000454800000, 0x0000000455000000|  0%| F|  |TAMS 0x0000000454800000| PB 0x0000000454800000| Untracked 
|  56|0x0000000455000000, 0x0000000455000000, 0x0000000455800000|  0%| F|  |TAMS 0x0000000455000000| PB 0x0000000455000000| Untracked 
|  57|0x0000000455800000, 0x0000000455800000, 0x0000000456000000|  0%| F|  |TAMS 0x0000000455800000| PB 0x0000000455800000| Untracked 
|  58|0x0000000456000000, 0x0000000456000000, 0x0000000456800000|  0%| F|  |TAMS 0x0000000456000000| PB 0x0000000456000000| Untracked 
|  59|0x0000000456800000, 0x0000000456800000, 0x0000000457000000|  0%| F|  |TAMS 0x0000000456800000| PB 0x0000000456800000| Untracked 
|  60|0x0000000457000000, 0x0000000457000000, 0x0000000457800000|  0%| F|  |TAMS 0x0000000457000000| PB 0x0000000457000000| Untracked 
|  61|0x0000000457800000, 0x0000000457800000, 0x0000000458000000|  0%| F|  |TAMS 0x0000000457800000| PB 0x0000000457800000| Untracked 
|  62|0x0000000458000000, 0x0000000458000000, 0x0000000458800000|  0%| F|  |TAMS 0x0000000458000000| PB 0x0000000458000000| Untracked 
|  63|0x0000000458800000, 0x0000000458800000, 0x0000000459000000|  0%| F|  |TAMS 0x0000000458800000| PB 0x0000000458800000| Untracked 
|  64|0x0000000459000000, 0x0000000459000000, 0x0000000459800000|  0%| F|  |TAMS 0x0000000459000000| PB 0x0000000459000000| Untracked 
|  65|0x0000000459800000, 0x0000000459800000, 0x000000045a000000|  0%| F|  |TAMS 0x0000000459800000| PB 0x0000000459800000| Untracked 
|  66|0x000000045a000000, 0x000000045a000000, 0x000000045a800000|  0%| F|  |TAMS 0x000000045a000000| PB 0x000000045a000000| Untracked 
|  67|0x000000045a800000, 0x000000045a800000, 0x000000045b000000|  0%| F|  |TAMS 0x000000045a800000| PB 0x000000045a800000| Untracked 
|  68|0x000000045b000000, 0x000000045b000000, 0x000000045b800000|  0%| F|  |TAMS 0x000000045b000000| PB 0x000000045b000000| Untracked 
|  69|0x000000045b800000, 0x000000045b800000, 0x000000045c000000|  0%| F|  |TAMS 0x000000045b800000| PB 0x000000045b800000| Untracked 
|  70|0x000000045c000000, 0x000000045c000000, 0x000000045c800000|  0%| F|  |TAMS 0x000000045c000000| PB 0x000000045c000000| Untracked 
|  71|0x000000045c800000, 0x000000045c800000, 0x000000045d000000|  0%| F|  |TAMS 0x000000045c800000| PB 0x000000045c800000| Untracked 
|  72|0x000000045d000000, 0x000000045d000000, 0x000000045d800000|  0%| F|  |TAMS 0x000000045d000000| PB 0x000000045d000000| Untracked 
|  73|0x000000045d800000, 0x000000045d800000, 0x000000045e000000|  0%| F|  |TAMS 0x000000045d800000| PB 0x000000045d800000| Untracked 
|  74|0x000000045e000000, 0x000000045e000000, 0x000000045e800000|  0%| F|  |TAMS 0x000000045e000000| PB 0x000000045e000000| Untracked 
|  75|0x000000045e800000, 0x000000045e800000, 0x000000045f000000|  0%| F|  |TAMS 0x000000045e800000| PB 0x000000045e800000| Untracked 
|  76|0x000000045f000000, 0x000000045f000000, 0x000000045f800000|  0%| F|  |TAMS 0x000000045f000000| PB 0x000000045f000000| Untracked 
|  77|0x000000045f800000, 0x000000045f800000, 0x0000000460000000|  0%| F|  |TAMS 0x000000045f800000| PB 0x000000045f800000| Untracked 
|  78|0x0000000460000000, 0x0000000460000000, 0x0000000460800000|  0%| F|  |TAMS 0x0000000460000000| PB 0x0000000460000000| Untracked 
|  79|0x0000000460800000, 0x0000000460800000, 0x0000000461000000|  0%| F|  |TAMS 0x0000000460800000| PB 0x0000000460800000| Untracked 
|  80|0x0000000461000000, 0x0000000461000000, 0x0000000461800000|  0%| F|  |TAMS 0x0000000461000000| PB 0x0000000461000000| Untracked 
|  81|0x0000000461800000, 0x0000000461800000, 0x0000000462000000|  0%| F|  |TAMS 0x0000000461800000| PB 0x0000000461800000| Untracked 
|  82|0x0000000462000000, 0x0000000462000000, 0x0000000462800000|  0%| F|  |TAMS 0x0000000462000000| PB 0x0000000462000000| Untracked 
|  83|0x0000000462800000, 0x0000000462800000, 0x0000000463000000|  0%| F|  |TAMS 0x0000000462800000| PB 0x0000000462800000| Untracked 
|  84|0x0000000463000000, 0x0000000463000000, 0x0000000463800000|  0%| F|  |TAMS 0x0000000463000000| PB 0x0000000463000000| Untracked 
|  85|0x0000000463800000, 0x0000000463800000, 0x0000000464000000|  0%| F|  |TAMS 0x0000000463800000| PB 0x0000000463800000| Untracked 
|  86|0x0000000464000000, 0x0000000464000000, 0x0000000464800000|  0%| F|  |TAMS 0x0000000464000000| PB 0x0000000464000000| Untracked 
|  87|0x0000000464800000, 0x0000000464800000, 0x0000000465000000|  0%| F|  |TAMS 0x0000000464800000| PB 0x0000000464800000| Untracked 
|  88|0x0000000465000000, 0x0000000465000000, 0x0000000465800000|  0%| F|  |TAMS 0x0000000465000000| PB 0x0000000465000000| Untracked 
|  89|0x0000000465800000, 0x0000000465800000, 0x0000000466000000|  0%| F|  |TAMS 0x0000000465800000| PB 0x0000000465800000| Untracked 
|  90|0x0000000466000000, 0x0000000466000000, 0x0000000466800000|  0%| F|  |TAMS 0x0000000466000000| PB 0x0000000466000000| Untracked 
|  91|0x0000000466800000, 0x0000000466800000, 0x0000000467000000|  0%| F|  |TAMS 0x0000000466800000| PB 0x0000000466800000| Untracked 
|  92|0x0000000467000000, 0x0000000467000000, 0x0000000467800000|  0%| F|  |TAMS 0x0000000467000000| PB 0x0000000467000000| Untracked 
|  93|0x0000000467800000, 0x0000000467800000, 0x0000000468000000|  0%| F|  |TAMS 0x0000000467800000| PB 0x0000000467800000| Untracked 
|  94|0x0000000468000000, 0x0000000468000000, 0x0000000468800000|  0%| F|  |TAMS 0x0000000468000000| PB 0x0000000468000000| Untracked 
|  95|0x0000000468800000, 0x0000000468800000, 0x0000000469000000|  0%| F|  |TAMS 0x0000000468800000| PB 0x0000000468800000| Untracked 
|  96|0x0000000469000000, 0x0000000469000000, 0x0000000469800000|  0%| F|  |TAMS 0x0000000469000000| PB 0x0000000469000000| Untracked 
|  97|0x0000000469800000, 0x0000000469800000, 0x000000046a000000|  0%| F|  |TAMS 0x0000000469800000| PB 0x0000000469800000| Untracked 
|  98|0x000000046a000000, 0x000000046a000000, 0x000000046a800000|  0%| F|  |TAMS 0x000000046a000000| PB 0x000000046a000000| Untracked 
|  99|0x000000046a800000, 0x000000046a800000, 0x000000046b000000|  0%| F|  |TAMS 0x000000046a800000| PB 0x000000046a800000| Untracked 
| 100|0x000000046b000000, 0x000000046b000000, 0x000000046b800000|  0%| F|  |TAMS 0x000000046b000000| PB 0x000000046b000000| Untracked 
| 101|0x000000046b800000, 0x000000046b800000, 0x000000046c000000|  0%| F|  |TAMS 0x000000046b800000| PB 0x000000046b800000| Untracked 
| 102|0x000000046c000000, 0x000000046c000000, 0x000000046c800000|  0%| F|  |TAMS 0x000000046c000000| PB 0x000000046c000000| Untracked 
| 103|0x000000046c800000, 0x000000046c800000, 0x000000046d000000|  0%| F|  |TAMS 0x000000046c800000| PB 0x000000046c800000| Untracked 
| 104|0x000000046d000000, 0x000000046d000000, 0x000000046d800000|  0%| F|  |TAMS 0x000000046d000000| PB 0x000000046d000000| Untracked 
| 105|0x000000046d800000, 0x000000046d800000, 0x000000046e000000|  0%| F|  |TAMS 0x000000046d800000| PB 0x000000046d800000| Untracked 
| 106|0x000000046e000000, 0x000000046e000000, 0x000000046e800000|  0%| F|  |TAMS 0x000000046e000000| PB 0x000000046e000000| Untracked 
| 107|0x000000046e800000, 0x000000046e800000, 0x000000046f000000|  0%| F|  |TAMS 0x000000046e800000| PB 0x000000046e800000| Untracked 
| 108|0x000000046f000000, 0x000000046f000000, 0x000000046f800000|  0%| F|  |TAMS 0x000000046f000000| PB 0x000000046f000000| Untracked 
| 109|0x000000046f800000, 0x000000046f800000, 0x0000000470000000|  0%| F|  |TAMS 0x000000046f800000| PB 0x000000046f800000| Untracked 
| 110|0x0000000470000000, 0x0000000470000000, 0x0000000470800000|  0%| F|  |TAMS 0x0000000470000000| PB 0x0000000470000000| Untracked 
| 111|0x0000000470800000, 0x0000000470800000, 0x0000000471000000|  0%| F|  |TAMS 0x0000000470800000| PB 0x0000000470800000| Untracked 
| 112|0x0000000471000000, 0x0000000471800000, 0x0000000471800000|100%| E|  |TAMS 0x0000000471000000| PB 0x0000000471000000| Complete 
| 113|0x0000000471800000, 0x0000000472000000, 0x0000000472000000|100%| E|CS|TAMS 0x0000000471800000| PB 0x0000000471800000| Complete 
| 114|0x0000000472000000, 0x0000000472800000, 0x0000000472800000|100%| E|CS|TAMS 0x0000000472000000| PB 0x0000000472000000| Complete 
| 115|0x0000000472800000, 0x0000000473000000, 0x0000000473000000|100%| E|CS|TAMS 0x0000000472800000| PB 0x0000000472800000| Complete 
| 116|0x0000000473000000, 0x0000000473800000, 0x0000000473800000|100%| E|CS|TAMS 0x0000000473000000| PB 0x0000000473000000| Complete 
| 117|0x0000000473800000, 0x0000000474000000, 0x0000000474000000|100%| E|CS|TAMS 0x0000000473800000| PB 0x0000000473800000| Complete 
| 118|0x0000000474000000, 0x0000000474800000, 0x0000000474800000|100%| E|CS|TAMS 0x0000000474000000| PB 0x0000000474000000| Complete 
| 119|0x0000000474800000, 0x0000000475000000, 0x0000000475000000|100%| E|CS|TAMS 0x0000000474800000| PB 0x0000000474800000| Complete 
| 120|0x0000000475000000, 0x0000000475800000, 0x0000000475800000|100%| E|CS|TAMS 0x0000000475000000| PB 0x0000000475000000| Complete 
|1933|0x00000007ff800000, 0x00000007ff90c5f8, 0x0000000800000000| 13%| O|  |TAMS 0x00000007ff800000| PB 0x00000007ff800000| Untracked 

Card table byte_map: [0x00007aca469c8000,0x00007aca48800000] _byte_map_base: 0x00007aca44800000

Marking Bits: (CMBitMap*) 0x00007aca600491f0
 Bits: [0x00007aca37808000, 0x00007aca469c8000)

Polling page: 0x00007aca69e01000

Metaspace:

Usage:
  Non-class:      5.98 MB used.
      Class:    339.84 KB used.
       Both:      6.32 MB used.

Virtual space:
  Non-class space:       64.00 MB reserved,       6.06 MB (  9%) committed,  1 nodes.
      Class space:        1.00 GB reserved,     448.00 KB ( <1%) committed,  1 nodes.
             Both:        1.06 GB reserved,       6.50 MB ( <1%) committed. 

Chunk freelists:
   Non-Class:  7.69 MB
       Class:  15.52 MB
        Both:  23.21 MB

MaxMetaspaceSize: unlimited
CompressedClassSpaceSize: 1.00 GB
Initial GC threshold: 21.00 MB
Current GC threshold: 21.00 MB
CDS: on
 - commit_granule_bytes: 65536.
 - commit_granule_words: 8192.
 - virtual_space_node_default_size: 8388608.
 - enlarge_chunks_in_place: 1.
 - use_allocation_guard: 0.


Internal statistics:

num_allocs_failed_limit: 0.
num_arena_births: 160.
num_arena_deaths: 0.
num_vsnodes_births: 2.
num_vsnodes_deaths: 0.
num_space_committed: 102.
num_space_uncommitted: 0.
num_chunks_returned_to_freelist: 0.
num_chunks_taken_from_freelist: 370.
num_chunk_merges: 0.
num_chunk_splits: 244.
num_chunks_enlarged: 159.
num_inconsistent_stats: 0.

CodeHeap 'non-profiled nmethods': size=118880Kb used=418Kb max_used=418Kb free=118461Kb
 bounds [0x00007aca503e8000, 0x00007aca50658000, 0x00007aca57800000]
CodeHeap 'profiled nmethods': size=118876Kb used=1535Kb max_used=1535Kb free=117340Kb
 bounds [0x00007aca48800000, 0x00007aca48a70000, 0x00007aca4fc17000]
CodeHeap 'non-nmethods': size=8004Kb used=2165Kb max_used=4445Kb free=5838Kb
 bounds [0x00007aca4fc17000, 0x00007aca50077000, 0x00007aca503e8000]
CodeCache: size=245760Kb, used=4118Kb, max_used=6398Kb, free=241639Kb
 total_blobs=2250, nmethods=1090, adapters=1066, full_count=0
Compilation: enabled, stopped_count=0, restarted_count=0

Compilation events (20 events):
Event: 1.022 Thread 0x00007ac9a8005940 nmethod 1081 0x00007aca50448a90 code [0x00007aca50448c40, 0x00007aca50448df8]
Event: 1.022 Thread 0x00007ac9a8005940 1082       4       xenoverse.player.Camera::resolveCollisions (200 bytes)
Event: 1.022 Thread 0x00007aca601682e0 nmethod 1079 0x00007aca50448f90 code [0x00007aca504491a0, 0x00007aca504494b0]
Event: 1.022 Thread 0x00007aca601682e0 1083       4       org.joml.Matrix4f::identity (82 bytes)
Event: 1.023 Thread 0x00007aca601682e0 nmethod 1083 0x00007aca50449790 code [0x00007aca50449900, 0x00007aca504499b8]
Event: 1.024 Thread 0x00007ac9a8005940 nmethod 1082 0x00007aca50449a90 code [0x00007aca50449c60, 0x00007aca50449ed8]
Event: 1.025 Thread 0x00007ac9a8005940 1084       4       org.lwjgl.glfw.GLFW::glfwSwapBuffers (21 bytes)
Event: 1.025 Thread 0x00007ac9a8005940 nmethod 1084 0x00007aca5044a190 code [0x00007aca5044a320, 0x00007aca5044a3f0]
Event: 3.178 Thread 0x00007ac9b80f2f60 1085 %     3       xenoverse.App::loop @ 24 (234 bytes)
Event: 3.179 Thread 0x00007ac9b80f2f60 nmethod 1085% 0x00007aca4897a310 code [0x00007aca4897a820, 0x00007aca4897c4b8]
Event: 3.220 Thread 0x00007ac9b80f3c70 1086       3       xenoverse.App::loop (234 bytes)
Event: 3.221 Thread 0x00007ac9b80f3c70 nmethod 1086 0x00007aca4897d190 code [0x00007aca4897d6a0, 0x00007aca4897f200]
Event: 3.228 Thread 0x00007aca601682e0 1087   !   4       org.lwjgl.opengl.GL20C::glGetUniformLocation (48 bytes)
Event: 3.237 Thread 0x00007aca601682e0 nmethod 1087 0x00007aca5044a510 code [0x00007aca5044a720, 0x00007aca5044ac78]
Event: 3.237 Thread 0x00007aca601682e0 1088       4       org.joml.MemUtil$MemUtilNIO::copy (187 bytes)
Event: 3.240 Thread 0x00007aca601682e0 nmethod 1088 0x00007aca5044b390 code [0x00007aca5044b520, 0x00007aca5044b738]
Event: 3.245 Thread 0x00007aca601682e0 1089       4       java.lang.StrictMath::floor (12 bytes)
Event: 3.246 Thread 0x00007aca601682e0 nmethod 1089 0x00007aca5044b990 code [0x00007aca5044bb40, 0x00007aca5044bcb0]
Event: 4.766 Thread 0x00007aca601682e0 1090 %     4       xenoverse.App::loop @ 24 (234 bytes)
Event: 4.854 Thread 0x00007aca601682e0 nmethod 1090% 0x00007aca5044be10 code [0x00007aca5044c3a0, 0x00007aca5044e718]

GC Heap History (20 events):
Event: 3.891 GC heap before
{Heap before GC invocations=2 (full 0):
 garbage-first heap   total 999424K, used 172044K [0x0000000439000000, 0x0000000800000000)
  region size 8192K, 20 young (163840K), 0 survivors (0K)
 Metaspace       used 6380K, committed 6592K, reserved 1114112K
  class space    used 327K, committed 448K, reserved 1048576K
}
Event: 3.891 GC heap after
{Heap after GC invocations=3 (full 0):
 garbage-first heap   total 999424K, used 8204K [0x0000000439000000, 0x0000000800000000)
  region size 8192K, 0 young (0K), 0 survivors (0K)
 Metaspace       used 6380K, committed 6592K, reserved 1114112K
  class space    used 327K, committed 448K, reserved 1048576K
}
Event: 31.562 GC heap before
{Heap before GC invocations=3 (full 0):
 garbage-first heap   total 999424K, used 598028K [0x0000000439000000, 0x0000000800000000)
  region size 8192K, 72 young (589824K), 0 survivors (0K)
 Metaspace       used 6380K, committed 6592K, reserved 1114112K
  class space    used 327K, committed 448K, reserved 1048576K
}
Event: 31.563 GC heap after
{Heap after GC invocations=4 (full 0):
 garbage-first heap   total 999424K, used 8211K [0x0000000439000000, 0x0000000800000000)
  region size 8192K, 1 young (8192K), 1 survivors (8192K)
 Metaspace       used 6380K, committed 6592K, reserved 1114112K
  class space    used 327K, committed 448K, reserved 1048576K
}
Event: 87.401 GC heap before
{Heap before GC invocations=4 (full 0):
 garbage-first heap   total 999424K, used 589843K [0x0000000439000000, 0x0000000800000000)
  region size 8192K, 72 young (589824K), 1 survivors (8192K)
 Metaspace       used 6381K, committed 6592K, reserved 1114112K
  class space    used 327K, committed 448K, reserved 1048576K
}
Event: 87.402 GC heap after
{Heap after GC invocations=5 (full 0):
 garbage-first heap   total 999424K, used 8212K [0x0000000439000000, 0x0000000800000000)
  region size 8192K, 1 young (8192K), 1 survivors (8192K)
 Metaspace       used 6381K, committed 6592K, reserved 1114112K
  class space    used 327K, committed 448K, reserved 1048576K
}
Event: 145.578 GC heap before
{Heap before GC invocations=5 (full 0):
 garbage-first heap   total 999424K, used 589844K [0x0000000439000000, 0x0000000800000000)
  region size 8192K, 72 young (589824K), 1 survivors (8192K)
 Metaspace       used 6381K, committed 6592K, reserved 1114112K
  class space    used 327K, committed 448K, reserved 1048576K
}
Event: 145.579 GC heap after
{Heap after GC invocations=6 (full 0):
 garbage-first heap   total 999424K, used 8214K [0x0000000439000000, 0x0000000800000000)
  region size 8192K, 1 young (8192K), 1 survivors (8192K)
 Metaspace       used 6381K, committed 6592K, reserved 1114112K
  class space    used 327K, committed 448K, reserved 1048576K
}
Event: 205.729 GC heap before
{Heap before GC invocations=6 (full 0):
 garbage-first heap   total 999424K, used 589846K [0x0000000439000000, 0x0000000800000000)
  region size 8192K, 72 young (589824K), 1 survivors (8192K)
 Metaspace       used 6381K, committed 6592K, reserved 1114112K
  class space    used 327K, committed 448K, reserved 1048576K
}
Event: 205.730 GC heap after
{Heap after GC invocations=7 (full 0):
 garbage-first heap   total 999424K, used 8212K [0x0000000439000000, 0x0000000800000000)
  region size 8192K, 1 young (8192K), 1 survivors (8192K)
 Metaspace       used 6381K, committed 6592K, reserved 1114112K
  class space    used 327K, committed 448K, reserved 1048576K
}
Event: 266.098 GC heap before
{Heap before GC invocations=7 (full 0):
 garbage-first heap   total 999424K, used 589844K [0x0000000439000000, 0x0000000800000000)
  region size 8192K, 72 young (589824K), 1 survivors (8192K)
 Metaspace       used 6381K, committed 6592K, reserved 1114112K
  class space    used 327K, committed 448K, reserved 1048576K
}
Event: 266.099 GC heap after
{Heap after GC invocations=8 (full 0):
 garbage-first heap   total 999424K, used 8210K [0x0000000439000000, 0x0000000800000000)
  region size 8192K, 1 young (8192K), 1 survivors (8192K)
 Metaspace       used 6381K, committed 6592K, reserved 1114112K
  class space    used 327K, committed 448K, reserved 1048576K
}
Event: 324.466 GC heap before
{Heap before GC invocations=8 (full 0):
 garbage-first heap   total 999424K, used 589842K [0x0000000439000000, 0x0000000800000000)
  region size 8192K, 72 young (589824K), 1 survivors (8192K)
 Metaspace       used 6381K, committed 6592K, reserved 1114112K
  class space    used 327K, committed 448K, reserved 1048576K
}
Event: 324.467 GC heap after
{Heap after GC invocations=9 (full 0):
 garbage-first heap   total 999424K, used 8210K [0x0000000439000000, 0x0000000800000000)
  region size 8192K, 1 young (8192K), 1 survivors (8192K)
 Metaspace       used 6381K, committed 6592K, reserved 1114112K
  class space    used 327K, committed 448K, reserved 1048576K
}
Event: 382.877 GC heap before
{Heap before GC invocations=9 (full 0):
 garbage-first heap   total 999424K, used 589842K [0x0000000439000000, 0x0000000800000000)
  region size 8192K, 72 young (589824K), 1 survivors (8192K)
 Metaspace       used 6381K, committed 6592K, reserved 1114112K
  class space    used 327K, committed 448K, reserved 1048576K
}
Event: 382.878 GC heap after
{Heap after GC invocations=10 (full 0):
 garbage-first heap   total 999424K, used 8212K [0x0000000439000000, 0x0000000800000000)
  region size 8192K, 1 young (8192K), 1 survivors (8192K)
 Metaspace       used 6381K, committed 6592K, reserved 1114112K
  class space    used 327K, committed 448K, reserved 1048576K
}
Event: 443.461 GC heap before
{Heap before GC invocations=10 (full 0):
 garbage-first heap   total 999424K, used 589844K [0x0000000439000000, 0x0000000800000000)
  region size 8192K, 72 young (589824K), 1 survivors (8192K)
 Metaspace       used 6381K, committed 6592K, reserved 1114112K
  class space    used 327K, committed 448K, reserved 1048576K
}
Event: 443.462 GC heap after
{Heap after GC invocations=11 (full 0):
 garbage-first heap   total 999424K, used 8216K [0x0000000439000000, 0x0000000800000000)
  region size 8192K, 1 young (8192K), 1 survivors (8192K)
 Metaspace       used 6381K, committed 6592K, reserved 1114112K
  class space    used 327K, committed 448K, reserved 1048576K
}
Event: 517.631 GC heap before
{Heap before GC invocations=11 (full 0):
 garbage-first heap   total 999424K, used 589848K [0x0000000439000000, 0x0000000800000000)
  region size 8192K, 72 young (589824K), 1 survivors (8192K)
 Metaspace       used 6381K, committed 6592K, reserved 1114112K
  class space    used 327K, committed 448K, reserved 1048576K
}
Event: 517.632 GC heap after
{Heap after GC invocations=12 (full 0):
 garbage-first heap   total 999424K, used 8210K [0x0000000439000000, 0x0000000800000000)
  region size 8192K, 1 young (8192K), 1 survivors (8192K)
 Metaspace       used 6381K, committed 6592K, reserved 1114112K
  class space    used 327K, committed 448K, reserved 1048576K
}

Dll operation events (10 events):
Event: 0.002 Loaded shared library /usr/lib/jvm/java-21-openjdk-amd64/lib/libjava.so
Event: 0.029 Loaded shared library /usr/lib/jvm/java-21-openjdk-amd64/lib/libjsvml.so
Event: 0.033 Loaded shared library /usr/lib/jvm/java-21-openjdk-amd64/lib/libnio.so
Event: 0.040 Loaded shared library /usr/lib/jvm/java-21-openjdk-amd64/lib/libzip.so
Event: 0.080 Loaded shared library /usr/lib/jvm/java-21-openjdk-amd64/lib/libjimage.so
Event: 0.087 Loaded shared library /usr/lib/jvm/java-21-openjdk-amd64/lib/libnet.so
Event: 0.092 Loaded shared library /tmp/lwjgl_gooberheads/3.3.4-snapshot/x64/liblwjgl.so
Event: 0.358 Loaded shared library /tmp/lwjgl_gooberheads/3.3.4-snapshot/x64/liblwjgl_opengl.so
Event: 0.456 Loaded shared library /usr/lib/jvm/java-21-openjdk-amd64/lib/libverify.so
Event: 0.592 Loaded shared library /tmp/lwjgl_gooberheads/3.3.4-snapshot/x64/liblwjgl_stb.so

Deoptimization events (20 events):
Event: 0.624 Thread 0x00007aca6001a280 Uncommon trap: trap_request=0xffffff45 fr.pc=0x00007aca503fb9ec relative=0x000000000000006c
Event: 0.624 Thread 0x00007aca6001a280 Uncommon trap: reason=unstable_if action=reinterpret pc=0x00007aca503fb9ec method=java.lang.String.isLatin1()Z @ 10 c2
Event: 0.624 Thread 0x00007aca6001a280 DEOPT PACKING pc=0x00007aca503fb9ec sp=0x00007aca683fc8c0
Event: 0.624 Thread 0x00007aca6001a280 DEOPT UNPACKING pc=0x00007aca4fc6af99 sp=0x00007aca683fc870 mode 2
Event: 0.679 Thread 0x00007aca6001a280 DEOPT PACKING pc=0x00007aca48817f70 sp=0x00007aca683fced0
Event: 0.679 Thread 0x00007aca6001a280 DEOPT UNPACKING pc=0x00007aca4fc6b72f sp=0x00007aca683fc310 mode 0
Event: 0.781 Thread 0x00007aca6001a280 DEOPT PACKING pc=0x00007aca4896b037 sp=0x00007aca683fe750
Event: 0.781 Thread 0x00007aca6001a280 DEOPT UNPACKING pc=0x00007aca4fc6b72f sp=0x00007aca683fdc90 mode 0
Event: 0.783 Thread 0x00007aca6001a280 DEOPT PACKING pc=0x00007aca4896bbda sp=0x00007aca683fe810
Event: 0.783 Thread 0x00007aca6001a280 DEOPT UNPACKING pc=0x00007aca4fc6b72f sp=0x00007aca683fdcb8 mode 0
Event: 0.792 Thread 0x00007aca6001a280 DEOPT PACKING pc=0x00007aca4896bbda sp=0x00007aca683fe810
Event: 0.792 Thread 0x00007aca6001a280 DEOPT UNPACKING pc=0x00007aca4fc6b72f sp=0x00007aca683fdcb8 mode 0
Event: 0.800 Thread 0x00007aca6001a280 DEOPT PACKING pc=0x00007aca4896bbda sp=0x00007aca683fe810
Event: 0.800 Thread 0x00007aca6001a280 DEOPT UNPACKING pc=0x00007aca4fc6b72f sp=0x00007aca683fdcb8 mode 0
Event: 5.074 Thread 0x00007aca6001a280 DEOPT PACKING pc=0x00007aca4897c2ef sp=0x00007aca683fe7f0
Event: 5.074 Thread 0x00007aca6001a280 DEOPT UNPACKING pc=0x00007aca4fc6b72f sp=0x00007aca683fdd28 mode 0
Event: 525.709 Thread 0x00007ac9c8009080 Uncommon trap: trap_request=0xffffff45 fr.pc=0x00007aca5043bc6c relative=0x000000000000050c
Event: 525.709 Thread 0x00007ac9c8009080 Uncommon trap: reason=unstable_if action=reinterpret pc=0x00007aca5043bc6c method=java.util.HashMap.computeIfAbsent(Ljava/lang/Object;Ljava/util/function/Function;)Ljava/lang/Object; @ 44 c2
Event: 525.709 Thread 0x00007ac9c8009080 DEOPT PACKING pc=0x00007aca5043bc6c sp=0x00007ac9dd92d480
Event: 525.709 Thread 0x00007ac9c8009080 DEOPT UNPACKING pc=0x00007aca4fc6af99 sp=0x00007ac9dd92d430 mode 2

Classes loaded (20 events):
Event: 525.709 Loading class jdk/internal/logger/AbstractLoggerWrapper
Event: 525.709 Loading class jdk/internal/logger/AbstractLoggerWrapper done
Event: 525.709 Loading class jdk/internal/logger/LazyLoggers$LazyLoggerWrapper done
Event: 525.709 Loading class jdk/internal/logger/LazyLoggers$JdkLazyLogger done
Event: 525.709 Loading class jdk/internal/logger/LazyLoggers$LazyLoggerAccessor
Event: 525.709 Loading class jdk/internal/logger/LazyLoggers$LoggerAccessor
Event: 525.709 Loading class jdk/internal/logger/LazyLoggers$LoggerAccessor done
Event: 525.709 Loading class jdk/internal/logger/LazyLoggers$LazyLoggerAccessor done
Event: 525.709 Loading class java/lang/System$Logger$Level
Event: 525.709 Loading class java/lang/System$Logger$Level done
Event: 525.709 Loading class jdk/internal/logger/SurrogateLogger
Event: 525.709 Loading class jdk/internal/logger/SimpleConsoleLogger
Event: 525.709 Loading class sun/util/logging/PlatformLogger$ConfigurableBridge$LoggerConfiguration
Event: 525.709 Loading class sun/util/logging/PlatformLogger$ConfigurableBridge$LoggerConfiguration done
Event: 525.709 Loading class jdk/internal/logger/SimpleConsoleLogger done
Event: 525.709 Loading class jdk/internal/logger/SurrogateLogger done
Event: 525.710 Loading class sun/util/logging/PlatformLogger
Event: 525.710 Loading class sun/util/logging/PlatformLogger done
Event: 525.710 Loading class sun/util/logging/PlatformLogger$Level
Event: 525.710 Loading class sun/util/logging/PlatformLogger$Level done

Classes unloaded (0 events):
No events

Classes redefined (0 events):
No events

Internal exceptions (20 events):
Event: 0.355 Thread 0x00007aca6001a280 Exception <a 'java/lang/NoSuchMethodError'{0x0000000474864f58}: 'void java.lang.System.load(java.lang.String, java.lang.Class)'> (0x0000000474864f58) 
thrown [./src/hotspot/share/interpreter/linkResolver.cpp, line 772]
Event: 0.356 Thread 0x00007aca6001a280 Exception <a 'java/lang/NoSuchMethodError'{0x0000000474867988}: 'void java.lang.System.loadLibrary(java.lang.String, java.lang.Class)'> (0x0000000474867988) 
thrown [./src/hotspot/share/interpreter/linkResolver.cpp, line 772]
Event: 0.459 Thread 0x00007aca6001a280 Exception <a 'java/lang/NoSuchMethodError'{0x0000000474af77a8}: 'java.lang.Object java.lang.invoke.DirectMethodHandle$Holder.invokeStaticInit(java.lang.Object, java.lang.Object, java.lang.Object, java.lang.Object, java.lang.Object, java.lang.Object, java.lang.Object)'> (0x0000000474af77a8) 
thrown [./src/hotspot/share/interpreter/linkResolver.cpp, line 772]
Event: 0.460 Thread 0x00007aca6001a280 Exception <a 'java/lang/NoSuchMethodError'{0x0000000474afcfa0}: 'java.lang.Object java.lang.invoke.Invokers$Holder.invoke_MT(java.lang.Object, java.lang.Object, java.lang.Object, java.lang.Object, java.lang.Object, java.lang.Object, java.lang.Object, java.lang.Object, java.lang.Object)'> (0x0000000474afcfa0) 
thrown [./src/hotspot/share/interpreter/linkResolver.cpp, line 772]
Event: 0.464 Thread 0x00007aca6001a280 Exception <a 'java/lang/NoSuchMethodError'{0x0000000474b1eb68}: 'int java.lang.invoke.DirectMethodHandle$Holder.invokeVirtual(java.lang.Object, java.lang.Object, java.lang.Object)'> (0x0000000474b1eb68) 
thrown [./src/hotspot/share/interpreter/linkResolver.cpp, line 772]
Event: 0.464 Thread 0x00007aca6001a280 Exception <a 'java/lang/NoSuchMethodError'{0x0000000474b21f78}: 'int java.lang.invoke.DirectMethodHandle$Holder.invokeVirtual(java.lang.Object, java.lang.Object)'> (0x0000000474b21f78) 
thrown [./src/hotspot/share/interpreter/linkResolver.cpp, line 772]
Event: 0.465 Thread 0x00007aca6001a280 Exception <a 'java/lang/NoSuchMethodError'{0x0000000474b26130}: 'int java.lang.invoke.DirectMethodHandle$Holder.invokeStaticInit(java.lang.Object, java.lang.Object, java.lang.Object)'> (0x0000000474b26130) 
thrown [./src/hotspot/share/interpreter/linkResolver.cpp, line 772]
Event: 0.465 Thread 0x00007aca6001a280 Exception <a 'java/lang/NoSuchMethodError'{0x0000000474b294e8}: 'int java.lang.invoke.DirectMethodHandle$Holder.invokeStaticInit(java.lang.Object, int, int)'> (0x0000000474b294e8) 
thrown [./src/hotspot/share/interpreter/linkResolver.cpp, line 772]
Event: 0.466 Thread 0x00007aca6001a280 Exception <a 'java/lang/NoSuchMethodError'{0x0000000474b30730}: 'int java.lang.invoke.DirectMethodHandle$Holder.invokeStaticInit(java.lang.Object, long, long)'> (0x0000000474b30730) 
thrown [./src/hotspot/share/interpreter/linkResolver.cpp, line 772]
Event: 0.466 Thread 0x00007aca6001a280 Exception <a 'java/lang/NoSuchMethodError'{0x0000000474b36f18}: 'int java.lang.invoke.DirectMethodHandle$Holder.invokeStaticInit(java.lang.Object, float, float)'> (0x0000000474b36f18) 
thrown [./src/hotspot/share/interpreter/linkResolver.cpp, line 772]
Event: 0.467 Thread 0x00007aca6001a280 Exception <a 'java/lang/NoSuchMethodError'{0x0000000474b3d6f8}: 'int java.lang.invoke.DirectMethodHandle$Holder.invokeStaticInit(java.lang.Object, double, double)'> (0x0000000474b3d6f8) 
thrown [./src/hotspot/share/interpreter/linkResolver.cpp, line 772]
Event: 0.467 Thread 0x00007aca6001a280 Exception <a 'java/lang/NoSuchMethodError'{0x0000000474b41980}: 'int java.lang.invoke.DirectMethodHandle$Holder.invokeStatic(java.lang.Object, long)'> (0x0000000474b41980) 
thrown [./src/hotspot/share/interpreter/linkResolver.cpp, line 772]
Event: 0.470 Thread 0x00007aca6001a280 Exception <a 'java/lang/NoSuchMethodError'{0x0000000474b57228}: 'int java.lang.invoke.DirectMethodHandle$Holder.invokeSpecial(java.lang.Object, java.lang.Object, int)'> (0x0000000474b57228) 
thrown [./src/hotspot/share/interpreter/linkResolver.cpp, line 772]
Event: 0.471 Thread 0x00007aca6001a280 Exception <a 'java/lang/NoSuchMethodError'{0x0000000474b6b8f0}: 'int java.lang.invoke.Invokers$Holder.linkToTargetMethod(java.lang.Object, java.lang.Object)'> (0x0000000474b6b8f0) 
thrown [./src/hotspot/share/interpreter/linkResolver.cpp, line 772]
Event: 0.586 Thread 0x00007aca6001a280 Exception <a 'java/lang/NoSuchMethodError'{0x0000000473fb0290}: 'void java.lang.System.load(java.lang.String, java.lang.Class)'> (0x0000000473fb0290) 
thrown [./src/hotspot/share/interpreter/linkResolver.cpp, line 772]
Event: 0.587 Thread 0x00007aca6001a280 Exception <a 'java/lang/NoSuchMethodError'{0x0000000473fb2cc0}: 'void java.lang.System.loadLibrary(java.lang.String, java.lang.Class)'> (0x0000000473fb2cc0) 
thrown [./src/hotspot/share/interpreter/linkResolver.cpp, line 772]
Event: 0.678 Thread 0x00007aca6001a280 Exception <a 'java/lang/NoSuchMethodError'{0x00000004733e5788}: 'java.lang.Object java.lang.invoke.DirectMethodHandle$Holder.invokeSpecial(java.lang.Object, java.lang.Object, int, java.lang.Object, java.lang.Object)'> (0x00000004733e5788) 
thrown [./src/hotspot/share/interpreter/linkResolver.cpp, line 772]
Event: 0.678 Thread 0x00007aca6001a280 Exception <a 'java/lang/NoSuchMethodError'{0x00000004733e9118}: 'java.lang.Object java.lang.invoke.DelegatingMethodHandle$Holder.delegate(java.lang.Object, int, java.lang.Object, java.lang.Object)'> (0x00000004733e9118) 
thrown [./src/hotspot/share/interpreter/linkResolver.cpp, line 772]
Event: 0.679 Thread 0x00007aca6001a280 Exception <a 'java/lang/NoSuchMethodError'{0x00000004733f80a0}: 'int java.lang.invoke.Invokers$Holder.linkToTargetMethod(java.lang.Object, java.lang.Object, java.lang.Object)'> (0x00000004733f80a0) 
thrown [./src/hotspot/share/interpreter/linkResolver.cpp, line 772]
Event: 525.709 Thread 0x00007ac9c8009080 Implicit null exception at 0x00007aca5043b82e to 0x00007aca5043bc4c

ZGC Phase Switch (0 events):
No events

VM Operations (20 events):
Event: 3.891 Executing safepoint VM operation: G1CollectForAllocation (G1 Evacuation Pause) done
Event: 31.562 Executing safepoint VM operation: G1CollectForAllocation (G1 Evacuation Pause)
Event: 31.563 Executing safepoint VM operation: G1CollectForAllocation (G1 Evacuation Pause) done
Event: 87.401 Executing safepoint VM operation: G1CollectForAllocation (G1 Evacuation Pause)
Event: 87.402 Executing safepoint VM operation: G1CollectForAllocation (G1 Evacuation Pause) done
Event: 145.578 Executing safepoint VM operation: G1CollectForAllocation (G1 Evacuation Pause)
Event: 145.579 Executing safepoint VM operation: G1CollectForAllocation (G1 Evacuation Pause) done
Event: 205.729 Executing safepoint VM operation: G1CollectForAllocation (G1 Evacuation Pause)
Event: 205.730 Executing safepoint VM operation: G1CollectForAllocation (G1 Evacuation Pause) done
Event: 266.098 Executing safepoint VM operation: G1CollectForAllocation (G1 Evacuation Pause)
Event: 266.099 Executing safepoint VM operation: G1CollectForAllocation (G1 Evacuation Pause) done
Event: 324.466 Executing safepoint VM operation: G1CollectForAllocation (G1 Evacuation Pause)
Event: 324.467 Executing safepoint VM operation: G1CollectForAllocation (G1 Evacuation Pause) done
Event: 382.877 Executing safepoint VM operation: G1CollectForAllocation (G1 Evacuation Pause)
Event: 382.878 Executing safepoint VM operation: G1CollectForAllocation (G1 Evacuation Pause) done
Event: 443.461 Executing safepoint VM operation: G1CollectForAllocation (G1 Evacuation Pause)
Event: 443.462 Executing safepoint VM operation: G1CollectForAllocation (G1 Evacuation Pause) done
Event: 517.631 Executing safepoint VM operation: G1CollectForAllocation (G1 Evacuation Pause)
Event: 517.632 Executing safepoint VM operation: G1CollectForAllocation (G1 Evacuation Pause) done
Event: 525.710 Executing safepoint VM operation: Exit

Memory protections (18 events):
Event: 0.002 Protecting memory [0x00007aca68300000,0x00007aca68304000] with protection modes 0
Event: 0.027 Protecting memory [0x00007aca34069000,0x00007aca3406d000] with protection modes 0
Event: 0.027 Protecting memory [0x00007ac9de100000,0x00007ac9de104000] with protection modes 0
Event: 0.027 Protecting memory [0x00007ac9de000000,0x00007ac9de004000] with protection modes 0
Event: 0.027 Protecting memory [0x00007ac9ddf00000,0x00007ac9ddf04000] with protection modes 0
Event: 0.028 Protecting memory [0x00007ac9dde00000,0x00007ac9dde04000] with protection modes 0
Event: 0.028 Protecting memory [0x00007ac9ddd00000,0x00007ac9ddd04000] with protection modes 0
Event: 0.028 Protecting memory [0x00007ac9ddc00000,0x00007ac9ddc04000] with protection modes 0
Event: 0.031 Protecting memory [0x00007ac9dda2f000,0x00007ac9dda33000] with protection modes 0
Event: 0.031 Protecting memory [0x00007ac9dd92f000,0x00007ac9dd933000] with protection modes 0
Event: 0.036 Protecting memory [0x00007ac9dd82f000,0x00007ac9dd833000] with protection modes 0
Event: 0.133 Protecting memory [0x00007ac9dd6b8000,0x00007ac9dd6bc000] with protection modes 0
Event: 0.591 Protecting memory [0x00007ac9dd6b8000,0x00007ac9dd6bc000] with protection modes 0
Event: 0.591 Protecting memory [0x00007ac986f7a000,0x00007ac986f7e000] with protection modes 0
Event: 0.591 Protecting memory [0x00007ac986e7a000,0x00007ac986e7e000] with protection modes 0
Event: 0.627 Protecting memory [0x00007ac986ceb000,0x00007ac986cef000] with protection modes 0
Event: 0.722 Protecting memory [0x00007ac985de1000,0x00007ac985de5000] with protection modes 0
Event: 525.707 Protecting memory [0x00007ac9dd82f000,0x00007ac9dd833000] with protection modes 0

Nmethod flushes (0 events):
No events

Events (20 events):
Event: 0.028 Thread 0x00007aca6001a280 Thread added: 0x00007aca601682e0
Event: 0.028 Thread 0x00007aca6001a280 Thread added: 0x00007aca601699b0
Event: 0.031 Thread 0x00007aca6001a280 Thread added: 0x00007aca60175920
Event: 0.031 Thread 0x00007aca6001a280 Thread added: 0x00007aca60178820
Event: 0.036 Thread 0x00007aca601699b0 Thread added: 0x00007ac9b801b2f0
Event: 0.132 Thread 0x00007ac9b801b2f0 Thread added: 0x00007ac9a40ca2f0
Event: 0.336 Thread 0x00007ac9a40ca2f0 Thread exited: 0x00007ac9a40ca2f0
Event: 0.591 Thread 0x00007aca601699b0 Thread added: 0x00007ac9b80f2f60
Event: 0.591 Thread 0x00007aca601699b0 Thread added: 0x00007ac9b80f3c70
Event: 0.591 Thread 0x00007aca601699b0 Thread added: 0x00007ac9b80f4fb0
Event: 0.627 Thread 0x00007ac9b80f2f60 Thread added: 0x00007ac9a8005940
Event: 0.722 Thread 0x00007ac9b80f2f60 Thread added: 0x00007ac9a8008a10
Event: 0.979 Thread 0x00007ac9a8008a10 Thread exited: 0x00007ac9a8008a10
Event: 3.178 Thread 0x00007ac9a8005940 Thread exited: 0x00007ac9a8005940
Event: 3.178 Thread 0x00007ac9b80f4fb0 Thread exited: 0x00007ac9b80f4fb0
Event: 4.766 Thread 0x00007ac9b80f3c70 Thread exited: 0x00007ac9b80f3c70
Event: 9.766 Thread 0x00007ac9b80f2f60 Thread exited: 0x00007ac9b80f2f60
Event: 9.766 Thread 0x00007ac9b801b2f0 Thread exited: 0x00007ac9b801b2f0
Event: 525.707 Thread 0x00007aca60163bb0 Thread added: 0x00007ac9c8009080
Event: 525.710 Thread 0x00007ac9c8009080 Before exit entered


Dynamic libraries:
439000000-475800000 rw-p 00000000 00:00 0 
475800000-7ff800000 ---p 00000000 00:00 0 
7ff800000-7ff90d000 rw-p 00cdb000 103:03 12483213                        /usr/lib/jvm/java-21-openjdk-amd64/lib/server/classes.jsa
7ff90d000-800000000 rw-p 00000000 00:00 0 
577ca505f000-577ca5060000 r--p 00000000 103:03 12483059                  /usr/lib/jvm/java-21-openjdk-amd64/bin/java
577ca5060000-577ca5061000 r-xp 00001000 103:03 12483059                  /usr/lib/jvm/java-21-openjdk-amd64/bin/java
577ca5061000-577ca5062000 r--p 00002000 103:03 12483059                  /usr/lib/jvm/java-21-openjdk-amd64/bin/java
577ca5062000-577ca5063000 r--p 00002000 103:03 12483059                  /usr/lib/jvm/java-21-openjdk-amd64/bin/java
577ca5063000-577ca5064000 rw-p 00003000 103:03 12483059                  /usr/lib/jvm/java-21-openjdk-amd64/bin/java
577ce3329000-577ce3375000 rw-p 00000000 00:00 0                          [heap]
7ac8c7edd000-7ac8c86de000 rw-p 00000000 00:00 0 
7ac8c9000000-7ac8c9200000 rw-s 00000000 00:07 1468                       /dev/nvidiactl
7ac8c9200000-7ac8c9400000 rw-s 00000000 00:07 1468                       /dev/nvidiactl
7ac8c9400000-7ac8c9600000 rw-s 00000000 00:07 1468                       /dev/nvidiactl
7ac8c9600000-7ac8c9800000 rw-s 00000000 00:07 1468                       /dev/nvidiactl
7ac8c9800000-7ac8c9a00000 rw-s 00000000 00:07 1468                       /dev/nvidiactl
7ac8c9a00000-7ac8c9c00000 rw-s 00000000 00:07 1468                       /dev/nvidiactl
7ac8c9c00000-7ac8c9e00000 rw-s 00000000 00:07 1468                       /dev/nvidiactl
7ac8c9e00000-7ac8ca000000 rw-s 00000000 00:07 1468                       /dev/nvidiactl
7ac8ca000000-7ac8ca200000 rw-s 00000000 00:07 1468                       /dev/nvidiactl
7ac8ca200000-7ac8ca400000 rw-s 00000000 00:07 1468                       /dev/nvidiactl
7ac8ca400000-7ac8ca600000 rw-s 00000000 00:07 1468                       /dev/nvidiactl
7ac8ca600000-7ac8ca800000 rw-s 00000000 00:07 1468                       /dev/nvidiactl
7ac8ca800000-7ac8caa00000 rw-s 00000000 00:07 1468                       /dev/nvidiactl
7ac8caa00000-7ac8cac00000 rw-s 00000000 00:07 1468                       /dev/nvidiactl
7ac8cac00000-7ac8cae00000 rw-s 00000000 00:07 1468                       /dev/nvidiactl
7ac8cae00000-7ac8cb000000 rw-s 00000000 00:07 1468                       /dev/nvidiactl
7ac8cb000000-7ac8cb200000 rw-s 00000000 00:07 1468                       /dev/nvidiactl
7ac8cb200000-7ac8cb400000 rw-s 00000000 00:07 1468                       /dev/nvidiactl
7ac8cb400000-7ac8cb600000 rw-s 00000000 00:07 1468                       /dev/nvidiactl
7ac8cb600000-7ac8cb800000 rw-s 00000000 00:07 1468                       /dev/nvidiactl
7ac8cb800000-7ac8cba00000 rw-s 00000000 00:07 1468                       /dev/nvidiactl
7ac8cba00000-7ac8cbc00000 rw-s 00000000 00:07 1468                       /dev/nvidiactl
7ac8cbc00000-7ac8cbe00000 rw-s 00000000 00:07 1468                       /dev/nvidiactl
7ac8cbe00000-7ac8cc000000 rw-s 00000000 00:07 1468                       /dev/nvidiactl
7ac8cc000000-7ac8cc200000 rw-s 00000000 00:07 1468                       /dev/nvidiactl
7ac8cc200000-7ac8cc400000 rw-s 00000000 00:07 1468                       /dev/nvidiactl
7ac8cc400000-7ac8cc600000 rw-s 00000000 00:07 1468                       /dev/nvidiactl
7ac8cc600000-7ac8cc800000 rw-s 00000000 00:07 1468                       /dev/nvidiactl
7ac8cc800000-7ac8cca00000 rw-s 00000000 00:07 1468                       /dev/nvidiactl
7ac8cca00000-7ac8ccc00000 rw-s 00000000 00:07 1468                       /dev/nvidiactl
7ac8ccc00000-7ac8cce00000 rw-s 00000000 00:07 1468                       /dev/nvidiactl
7ac8cce00000-7ac8cd000000 rw-s 00000000 00:07 1468                       /dev/nvidiactl
7ac8cd000000-7ac8cd200000 rw-s 00000000 00:07 1468                       /dev/nvidiactl
7ac8cd200000-7ac8cd400000 rw-s 00000000 00:07 1468                       /dev/nvidiactl
7ac8cd400000-7ac8cd600000 rw-s 00000000 00:07 1468                       /dev/nvidiactl
7ac8cd600000-7ac8cd800000 rw-s 00000000 00:07 1468                       /dev/nvidiactl
7ac8cd800000-7ac8cda00000 rw-s 00000000 00:07 1468                       /dev/nvidiactl
7ac8cda00000-7ac8cdc00000 rw-s 00000000 00:07 1468                       /dev/nvidiactl
7ac8cdc00000-7ac8cde00000 rw-s 00000000 00:07 1468                       /dev/nvidiactl
7ac8cde00000-7ac8ce000000 rw-s 00000000 00:07 1468                       /dev/nvidiactl
7ac8ce000000-7ac8ce200000 rw-s 00000000 00:07 1468                       /dev/nvidiactl
7ac8ce200000-7ac8ce400000 rw-s 00000000 00:07 1468                       /dev/nvidiactl
7ac8ce400000-7ac8ce600000 rw-s 00000000 00:07 1468                       /dev/nvidiactl
7ac8ce600000-7ac8ce800000 rw-s 00000000 00:07 1468                       /dev/nvidiactl
7ac8ce800000-7ac8cea00000 rw-s 00000000 00:07 1468                       /dev/nvidiactl
7ac8cea00000-7ac8cec00000 rw-s 00000000 00:07 1468                       /dev/nvidiactl
7ac8cec00000-7ac8cee00000 rw-s 00000000 00:07 1468                       /dev/nvidiactl
7ac8cee00000-7ac8cf000000 rw-s 00000000 00:07 1468                       /dev/nvidiactl
7ac8cf000000-7ac8cf200000 rw-s 00000000 00:07 1468                       /dev/nvidiactl
7ac8cf200000-7ac8cf400000 rw-s 00000000 00:07 1468                       /dev/nvidiactl
7ac8cf400000-7ac8cf600000 rw-s 00000000 00:07 1468                       /dev/nvidiactl
7ac8cf600000-7ac8cf800000 rw-s 00000000 00:07 1468                       /dev/nvidiactl
7ac8cf800000-7ac8cfa00000 rw-s 00000000 00:07 1468                       /dev/nvidiactl
7ac8cfa00000-7ac8cfc00000 rw-s 00000000 00:07 1468                       /dev/nvidiactl
7ac8cfc00000-7ac8cfe00000 rw-s 00000000 00:07 1468                       /dev/nvidiactl
7ac8cfe00000-7ac8d0000000 rw-s 00000000 00:07 1468                       /dev/nvidiactl
7ac8d0000000-7ac8d0200000 rw-s 00000000 00:07 1468                       /dev/nvidiactl
7ac8d0200000-7ac8d0400000 rw-s 00000000 00:07 1468                       /dev/nvidiactl
7ac8d0400000-7ac8d0600000 rw-s 00000000 00:07 1468                       /dev/nvidiactl
7ac8d0600000-7ac8d0800000 rw-s 00000000 00:07 1468                       /dev/nvidiactl
7ac8d0800000-7ac8d0a00000 rw-s 00000000 00:07 1468                       /dev/nvidiactl
7ac8d0a00000-7ac8d0c00000 rw-s 00000000 00:07 1468                       /dev/nvidiactl
7ac8d0c00000-7ac8d0e00000 rw-s 00000000 00:07 1468                       /dev/nvidiactl
7ac8d0e00000-7ac8d1000000 rw-s 00000000 00:07 1468                       /dev/nvidiactl
7ac8d1000000-7ac8d1200000 rw-s 00000000 00:07 1468                       /dev/nvidiactl
7ac8d1200000-7ac8d1400000 rw-s 00000000 00:07 1468                       /dev/nvidiactl
7ac8d1400000-7ac8d1600000 rw-s 00000000 00:07 1468                       /dev/nvidiactl
7ac8d1600000-7ac8d1800000 rw-s 00000000 00:07 1468                       /dev/nvidiactl
7ac8d1800000-7ac8d1a00000 rw-s 00000000 00:07 1468                       /dev/nvidiactl
7ac8d1a00000-7ac8d1c00000 rw-s 00000000 00:07 1468                       /dev/nvidiactl
7ac8d1c00000-7ac8d1e00000 rw-s 00000000 00:07 1468                       /dev/nvidiactl
7ac8d1e00000-7ac8d2000000 rw-s 00000000 00:07 1468                       /dev/nvidiactl
7ac8d2000000-7ac8d2200000 rw-s 00000000 00:07 1468                       /dev/nvidiactl
7ac8d2200000-7ac8d2400000 rw-s 00000000 00:07 1468                       /dev/nvidiactl
7ac8d2400000-7ac8d2600000 rw-s 00000000 00:07 1468                       /dev/nvidiactl
7ac8d2600000-7ac8d2800000 rw-s 00000000 00:07 1468                       /dev/nvidiactl
7ac8d2800000-7ac8d2a00000 rw-s 00000000 00:07 1468                       /dev/nvidiactl
7ac8d2a00000-7ac8d2c00000 rw-s 00000000 00:07 1468                       /dev/nvidiactl
7ac8d2c00000-7ac8d2e00000 rw-s 00000000 00:07 1468                       /dev/nvidiactl
7ac8d2e00000-7ac8d3000000 rw-s 00000000 00:07 1468                       /dev/nvidiactl
7ac8d3000000-7ac8d3200000 rw-s 00000000 00:07 1468                       /dev/nvidiactl
7ac8d3200000-7ac8d3400000 rw-s 00000000 00:07 1468                       /dev/nvidiactl
7ac8d3400000-7ac8d3600000 rw-s 00000000 00:07 1468                       /dev/nvidiactl
7ac8d3600000-7ac8d3800000 rw-s 00000000 00:07 1468                       /dev/nvidiactl
7ac8d3800000-7ac8d3a00000 rw-s 00000000 00:07 1468                       /dev/nvidiactl
7ac8d3a00000-7ac8d3c00000 rw-s 00000000 00:07 1468                       /dev/nvidiactl
7ac8d3c00000-7ac8d3e00000 rw-s 00000000 00:07 1468                       /dev/nvidiactl
7ac8d3e00000-7ac8d4000000 rw-s 00000000 00:07 1468                       /dev/nvidiactl
7ac8d4000000-7ac8d4200000 rw-s 00000000 00:07 1468                       /dev/nvidiactl
7ac8d4200000-7ac8d4400000 rw-s 00000000 00:07 1468                       /dev/nvidiactl
7ac8d4400000-7ac8d4600000 rw-s 00000000 00:07 1468                       /dev/nvidiactl
7ac8d4600000-7ac8d4800000 rw-s 00000000 00:07 1468                       /dev/nvidiactl
7ac8d4800000-7ac8d4a00000 rw-s 00000000 00:07 1468                       /dev/nvidiactl
7ac8d4a00000-7ac8d4c00000 rw-s 00000000 00:07 1468                       /dev/nvidiactl
7ac8d4c00000-7ac8d4e00000 rw-s 00000000 00:07 1468                       /dev/nvidiactl
7ac8d4e00000-7ac8d5000000 rw-s 00000000 00:07 1468                       /dev/nvidiactl
7ac8d5000000-7ac8d5200000 rw-s 00000000 00:07 1468                       /dev/nvidiactl
7ac8d5200000-7ac8d5400000 rw-s 00000000 00:07 1468                       /dev/nvidiactl
7ac8d5400000-7ac8d5600000 rw-s 00000000 00:07 1468                       /dev/nvidiactl
7ac8d5600000-7ac8d5800000 rw-s 00000000 00:07 1468                       /dev/nvidiactl
7ac8d5800000-7ac8d5a00000 rw-s 00000000 00:07 1468                       /dev/nvidiactl
7ac8d5a00000-7ac8d5c00000 rw-s 00000000 00:07 1468                       /dev/nvidiactl
7ac8d5c00000-7ac8d5e00000 rw-s 00000000 00:07 1468                       /dev/nvidiactl
7ac8d5e00000-7ac8d6000000 rw-s 00000000 00:07 1468                       /dev/nvidiactl
7ac8d6000000-7ac8d6200000 rw-s 00000000 00:07 1468                       /dev/nvidiactl
7ac8d6200000-7ac8d6400000 rw-s 00000000 00:07 1468                       /dev/nvidiactl
7ac8d6400000-7ac8d6600000 rw-s 00000000 00:07 1468                       /dev/nvidiactl
7ac8d6600000-7ac8d6800000 rw-s 00000000 00:07 1468                       /dev/nvidiactl
7ac8d6800000-7ac8d6a00000 rw-s 00000000 00:07 1468                       /dev/nvidiactl
7ac8d6a00000-7ac8d6c00000 rw-s 00000000 00:07 1468                       /dev/nvidiactl
7ac8d6c00000-7ac8d6e00000 rw-s 00000000 00:07 1468                       /dev/nvidiactl
7ac8d6e00000-7ac8d7000000 rw-s 00000000 00:07 1468                       /dev/nvidiactl
7ac8d7000000-7ac8d7200000 rw-s 00000000 00:07 1468                       /dev/nvidiactl
7ac8d7200000-7ac8d7400000 rw-s 00000000 00:07 1468                       /dev/nvidiactl
7ac8d7400000-7ac8d7600000 rw-s 00000000 00:07 1468                       /dev/nvidiactl
7ac8d7600000-7ac8d7800000 rw-s 00000000 00:07 1468                       /dev/nvidiactl
7ac8d7800000-7ac8d7a00000 rw-s 00000000 00:07 1468                       /dev/nvidiactl
7ac8d7a00000-7ac8d7c00000 rw-s 00000000 00:07 1468                       /dev/nvidiactl
7ac8d7c00000-7ac8d7e00000 rw-s 00000000 00:07 1468                       /dev/nvidiactl
7ac8d7e00000-7ac8d8000000 rw-s 00000000 00:07 1468                       /dev/nvidiactl
7ac8d8000000-7ac8d8200000 rw-s 00000000 00:07 1468                       /dev/nvidiactl
7ac8d8200000-7ac8d8400000 rw-s 00000000 00:07 1468                       /dev/nvidiactl
7ac8d8400000-7ac8d8600000 rw-s 00000000 00:07 1468                       /dev/nvidiactl
7ac8d8600000-7ac8d8800000 rw-s 00000000 00:07 1468                       /dev/nvidiactl
7ac8d8800000-7ac8d8a00000 rw-s 00000000 00:07 1468                       /dev/nvidiactl
7ac8d8a00000-7ac8d8c00000 rw-s 00000000 00:07 1468                       /dev/nvidiactl
7ac8d8c00000-7ac8d8e00000 rw-s 00000000 00:07 1468                       /dev/nvidiactl
7ac8d8e00000-7ac8d9000000 rw-s 00000000 00:07 1468                       /dev/nvidiactl
7ac8d9000000-7ac8d9200000 rw-s 00000000 00:07 1468                       /dev/nvidiactl
7ac8d9200000-7ac8d9400000 rw-s 00000000 00:07 1468                       /dev/nvidiactl
7ac8d9400000-7ac8d9600000 rw-s 00000000 00:07 1468                       /dev/nvidiactl
7ac8d9600000-7ac8d9800000 rw-s 00000000 00:07 1468                       /dev/nvidiactl
7ac8d9800000-7ac8d9a00000 rw-s 00000000 00:07 1468                       /dev/nvidiactl
7ac8d9a00000-7ac8d9c00000 rw-s 00000000 00:07 1468                       /dev/nvidiactl
7ac8d9c00000-7ac8d9e00000 rw-s 00000000 00:07 1468                       /dev/nvidiactl
7ac8d9e00000-7ac8da000000 rw-s 00000000 00:07 1468                       /dev/nvidiactl
7ac8da000000-7ac8da200000 rw-s 00000000 00:07 1468                       /dev/nvidiactl
7ac8da200000-7ac8da400000 rw-s 00000000 00:07 1468                       /dev/nvidiactl
7ac8da400000-7ac8da600000 rw-s 00000000 00:07 1468                       /dev/nvidiactl
7ac8da600000-7ac8da800000 rw-s 00000000 00:07 1468                       /dev/nvidiactl
7ac8da800000-7ac8daa00000 rw-s 00000000 00:07 1468                       /dev/nvidiactl
7ac8daa00000-7ac8dac00000 rw-s 00000000 00:07 1468                       /dev/nvidiactl
7ac8dac00000-7ac8dae00000 rw-s 00000000 00:07 1468                       /dev/nvidiactl
7ac8dae00000-7ac8db000000 rw-s 00000000 00:07 1468                       /dev/nvidiactl
7ac8db000000-7ac8db200000 rw-s 00000000 00:07 1468                       /dev/nvidiactl
7ac8db200000-7ac8db400000 rw-s 00000000 00:07 1468                       /dev/nvidiactl
7ac8db400000-7ac8db600000 rw-s 00000000 00:07 1468                       /dev/nvidiactl
7ac8db600000-7ac8db800000 rw-s 00000000 00:07 1468                       /dev/nvidiactl
7ac8db800000-7ac8dba00000 rw-s 00000000 00:07 1468                       /dev/nvidiactl
7ac8dba00000-7ac8dbc00000 rw-s 00000000 00:07 1468                       /dev/nvidiactl
7ac8dbc00000-7ac8dbe00000 rw-s 00000000 00:07 1468                       /dev/nvidiactl
7ac8dbe00000-7ac8dc000000 rw-s 00000000 00:07 1468                       /dev/nvidiactl
7ac8dc000000-7ac8dc200000 rw-s 00000000 00:07 1468                       /dev/nvidiactl
7ac8dc200000-7ac8dc400000 rw-s 00000000 00:07 1468                       /dev/nvidiactl
7ac8dc400000-7ac8dc600000 rw-s 00000000 00:07 1468                       /dev/nvidiactl
7ac8dc600000-7ac8dc800000 rw-s 00000000 00:07 1468                       /dev/nvidiactl
7ac8dc800000-7ac8dca00000 rw-s 00000000 00:07 1468                       /dev/nvidiactl
7ac8dca00000-7ac8dcc00000 rw-s 00000000 00:07 1468                       /dev/nvidiactl
7ac8dcc00000-7ac8dce00000 rw-s 00000000 00:07 1468                       /dev/nvidiactl
7ac8dce00000-7ac8dd000000 rw-s 00000000 00:07 1468                       /dev/nvidiactl
7ac8dd000000-7ac8dd200000 rw-s 00000000 00:07 1468                       /dev/nvidiactl
7ac8dd200000-7ac8dd400000 rw-s 00000000 00:07 1468                       /dev/nvidiactl
7ac8dd400000-7ac8dd600000 rw-s 00000000 00:07 1468                       /dev/nvidiactl
7ac8dd600000-7ac8dd800000 rw-s 00000000 00:07 1468                       /dev/nvidiactl
7ac8dd800000-7ac8dda00000 rw-s 00000000 00:07 1468                       /dev/nvidiactl
7ac8dda00000-7ac8ddc00000 rw-s 00000000 00:07 1468                       /dev/nvidiactl
7ac8ddc00000-7ac8dde00000 rw-s 00000000 00:07 1468                       /dev/nvidiactl
7ac8dde00000-7ac8de000000 rw-s 00000000 00:07 1468                       /dev/nvidiactl
7ac8de000000-7ac8de200000 rw-s 00000000 00:07 1468                       /dev/nvidiactl
7ac8de200000-7ac8de400000 rw-s 00000000 00:07 1468                       /dev/nvidiactl
7ac8de400000-7ac8de600000 rw-s 00000000 00:07 1468                       /dev/nvidiactl
7ac8de600000-7ac8de800000 rw-s 00000000 00:07 1468                       /dev/nvidiactl
7ac8de800000-7ac8dea00000 rw-s 00000000 00:07 1468                       /dev/nvidiactl
7ac8dea00000-7ac8dec00000 rw-s 00000000 00:07 1468                       /dev/nvidiactl
7ac8dec00000-7ac8dee00000 rw-s 00000000 00:07 1468                       /dev/nvidiactl
7ac8dee00000-7ac8df000000 rw-s 00000000 00:07 1468                       /dev/nvidiactl
7ac8df000000-7ac8df200000 rw-s 00000000 00:07 1468                       /dev/nvidiactl
7ac8df200000-7ac8df400000 rw-s 00000000 00:07 1468                       /dev/nvidiactl
7ac8df400000-7ac8df600000 rw-s 00000000 00:07 1468                       /dev/nvidiactl
7ac8df600000-7ac8df800000 rw-s 00000000 00:07 1468                       /dev/nvidiactl
7ac8df800000-7ac8dfa00000 rw-s 00000000 00:07 1468                       /dev/nvidiactl
7ac8dfa00000-7ac8dfc00000 rw-s 00000000 00:07 1468                       /dev/nvidiactl
7ac8dfc00000-7ac8dfe00000 rw-s 00000000 00:07 1468                       /dev/nvidiactl
7ac8dfe00000-7ac8e0000000 rw-s 00000000 00:07 1468                       /dev/nvidiactl
7ac8e0000000-7ac8e0200000 rw-s 00000000 00:07 1468                       /dev/nvidiactl
7ac8e0200000-7ac8e0400000 rw-s 00000000 00:07 1468                       /dev/nvidiactl
7ac8e0400000-7ac8e0600000 rw-s 00000000 00:07 1468                       /dev/nvidiactl
7ac8e0600000-7ac8e0800000 rw-s 00000000 00:07 1468                       /dev/nvidiactl
7ac8e0800000-7ac8e0a00000 rw-s 00000000 00:07 1468                       /dev/nvidiactl
7ac8e0a00000-7ac8e0c00000 rw-s 00000000 00:07 1468                       /dev/nvidiactl
7ac8e0c00000-7ac8e0e00000 rw-s 00000000 00:07 1468                       /dev/nvidiactl
7ac8e0e00000-7ac8e1000000 rw-s 00000000 00:07 1468                       /dev/nvidiactl
7ac8e1000000-7ac8e1200000 rw-s 00000000 00:07 1468                       /dev/nvidiactl
7ac8e1200000-7ac8e1400000 rw-s 00000000 00:07 1468                       /dev/nvidiactl
7ac8e1400000-7ac8e1600000 rw-s 00000000 00:07 1468                       /dev/nvidiactl
7ac8e1600000-7ac8e1800000 rw-s 00000000 00:07 1468                       /dev/nvidiactl
7ac8e1800000-7ac8e1a00000 rw-s 00000000 00:07 1468                       /dev/nvidiactl
7ac8e1a00000-7ac8e1c00000 rw-s 00000000 00:07 1468                       /dev/nvidiactl
7ac8e1c00000-7ac8e1e00000 rw-s 00000000 00:07 1468                       /dev/nvidiactl
7ac8e1e00000-7ac8e2000000 rw-s 00000000 00:07 1468                       /dev/nvidiactl
7ac8e2000000-7ac8e2200000 rw-s 00000000 00:07 1468                       /dev/nvidiactl
7ac8e2200000-7ac8e2400000 rw-s 00000000 00:07 1468                       /dev/nvidiactl
7ac8e2400000-7ac8e2600000 rw-s 00000000 00:07 1468                       /dev/nvidiactl
7ac8e2600000-7ac8e2800000 rw-s 00000000 00:07 1468                       /dev/nvidiactl
7ac8e2800000-7ac8e2a00000 rw-s 00000000 00:07 1468                       /dev/nvidiactl
7ac8e2a00000-7ac8e2c00000 rw-s 00000000 00:07 1468                       /dev/nvidiactl
7ac8e2c00000-7ac8e2e00000 rw-s 00000000 00:07 1468                       /dev/nvidiactl
7ac8e2e00000-7ac8e3000000 rw-s 00000000 00:07 1468                       /dev/nvidiactl
7ac8e3000000-7ac8e3200000 rw-s 00000000 00:07 1468                       /dev/nvidiactl
7ac8e3200000-7ac8e3400000 rw-s 00000000 00:07 1468                       /dev/nvidiactl
7ac8e3400000-7ac8e3600000 rw-s 00000000 00:07 1468                       /dev/nvidiactl
7ac8e3600000-7ac8e3800000 rw-s 00000000 00:07 1468                       /dev/nvidiactl
7ac8e3800000-7ac8e3a00000 rw-s 00000000 00:07 1468                       /dev/nvidiactl
7ac8e3a00000-7ac8e3c00000 rw-s 00000000 00:07 1468                       /dev/nvidiactl
7ac8e3c00000-7ac8e3e00000 rw-s 00000000 00:07 1468                       /dev/nvidiactl
7ac8e3e00000-7ac8e4000000 rw-s 00000000 00:07 1468                       /dev/nvidiactl
7ac8e4000000-7ac8e4200000 rw-s 00000000 00:07 1468                       /dev/nvidiactl
7ac8e4200000-7ac8e4400000 rw-s 00000000 00:07 1468                       /dev/nvidiactl
7ac8e4400000-7ac8e4600000 rw-s 00000000 00:07 1468                       /dev/nvidiactl
7ac8e4600000-7ac8e4800000 rw-s 00000000 00:07 1468                       /dev/nvidiactl
7ac8e4800000-7ac8e4a00000 rw-s 00000000 00:07 1468                       /dev/nvidiactl
7ac8e4a00000-7ac8e4c00000 rw-s 00000000 00:07 1468                       /dev/nvidiactl
7ac8e4c00000-7ac8e4e00000 rw-s 00000000 00:07 1468                       /dev/nvidiactl
7ac8e4e00000-7ac8e5000000 rw-s 00000000 00:07 1468                       /dev/nvidiactl
7ac8e5000000-7ac8e5200000 rw-s 00000000 00:07 1468                       /dev/nvidiactl
7ac8e5200000-7ac8e5400000 rw-s 00000000 00:07 1468                       /dev/nvidiactl
7ac8e5400000-7ac8e5600000 rw-s 00000000 00:07 1468                       /dev/nvidiactl
7ac8e5600000-7ac8e5800000 rw-s 00000000 00:07 1468                       /dev/nvidiactl
7ac8e5800000-7ac8e5a00000 rw-s 00000000 00:07 1468                       /dev/nvidiactl
7ac8e5a00000-7ac8e5c00000 rw-s 00000000 00:07 1468                       /dev/nvidiactl
7ac8e5c00000-7ac8e5e00000 rw-s 00000000 00:07 1468                       /dev/nvidiactl
7ac8e5e00000-7ac8e6000000 rw-s 00000000 00:07 1468                       /dev/nvidiactl
7ac8e6000000-7ac8e6200000 rw-s 00000000 00:07 1468                       /dev/nvidiactl
7ac8e6200000-7ac8e6400000 rw-s 00000000 00:07 1468                       /dev/nvidiactl
7ac8e6400000-7ac8e6600000 rw-s 00000000 00:07 1468                       /dev/nvidiactl
7ac8e6600000-7ac8e6800000 rw-s 00000000 00:07 1468                       /dev/nvidiactl
7ac8e6800000-7ac8e6a00000 rw-s 00000000 00:07 1468                       /dev/nvidiactl
7ac8e6a00000-7ac8e6c00000 rw-s 00000000 00:07 1468                       /dev/nvidiactl
7ac8e6c00000-7ac8e6e00000 rw-s 00000000 00:07 1468                       /dev/nvidiactl
7ac8e6e00000-7ac8e7000000 rw-s 00000000 00:07 1468                       /dev/nvidiactl
7ac8e7000000-7ac8e7200000 rw-s 00000000 00:07 1468                       /dev/nvidiactl
7ac8e7200000-7ac8e7400000 rw-s 00000000 00:07 1468                       /dev/nvidiactl
7ac8e7400000-7ac8e7600000 rw-s 00000000 00:07 1468                       /dev/nvidiactl
7ac8e7600000-7ac8e7800000 rw-s 00000000 00:07 1468                       /dev/nvidiactl
7ac8e7800000-7ac8e7a00000 rw-s 00000000 00:07 1468                       /dev/nvidiactl
7ac8e7a00000-7ac8e7c00000 rw-s 00000000 00:07 1468                       /dev/nvidiactl
7ac8e7c00000-7ac8e7e00000 rw-s 00000000 00:07 1468                       /dev/nvidiactl
7ac8e7e00000-7ac8e8000000 rw-s 00000000 00:07 1468                       /dev/nvidiactl
7ac8e8000000-7ac8e8200000 rw-s 00000000 00:07 1468                       /dev/nvidiactl
7ac8e8200000-7ac8e8400000 rw-s 00000000 00:07 1468                       /dev/nvidiactl
7ac8e8400000-7ac8e8600000 rw-s 00000000 00:07 1468                       /dev/nvidiactl
7ac8e8600000-7ac8e8800000 rw-s 00000000 00:07 1468                       /dev/nvidiactl
7ac8e8800000-7ac8e8a00000 rw-s 00000000 00:07 1468                       /dev/nvidiactl
7ac8e8a00000-7ac8e8c00000 rw-s 00000000 00:07 1468                       /dev/nvidiactl
7ac8e8c00000-7ac8e8e00000 rw-s 00000000 00:07 1468                       /dev/nvidiactl
7ac8e8e00000-7ac8e9000000 rw-s 00000000 00:07 1468                       /dev/nvidiactl
7ac8e9000000-7ac8e9200000 rw-s 00000000 00:07 1468                       /dev/nvidiactl
7ac8e9200000-7ac8e9400000 rw-s 00000000 00:07 1468                       /dev/nvidiactl
7ac8e9400000-7ac8e9600000 rw-s 00000000 00:07 1468                       /dev/nvidiactl
7ac8e9600000-7ac8e9800000 rw-s 00000000 00:07 1468                       /dev/nvidiactl
7ac8e9800000-7ac8e9a00000 rw-s 00000000 00:07 1468                       /dev/nvidiactl
7ac8e9a00000-7ac8e9c00000 rw-s 00000000 00:07 1468                       /dev/nvidiactl
7ac8e9c00000-7ac8e9e00000 rw-s 00000000 00:07 1468                       /dev/nvidiactl
7ac8e9e00000-7ac8ea000000 rw-s 00000000 00:07 1468                       /dev/nvidiactl
7ac8ea000000-7ac8ea200000 rw-s 00000000 00:07 1468                       /dev/nvidiactl
7ac8ea200000-7ac8ea400000 rw-s 00000000 00:07 1468                       /dev/nvidiactl
7ac8ea400000-7ac8ea600000 rw-s 00000000 00:07 1468                       /dev/nvidiactl
7ac8ea600000-7ac8ea800000 rw-s 00000000 00:07 1468                       /dev/nvidiactl
7ac8ea800000-7ac8eaa00000 rw-s 00000000 00:07 1468                       /dev/nvidiactl
7ac8eaa00000-7ac8eac00000 rw-s 00000000 00:07 1468                       /dev/nvidiactl
7ac8eac00000-7ac8eae00000 rw-s 00000000 00:07 1468                       /dev/nvidiactl
7ac8eae00000-7ac8eb000000 rw-s 00000000 00:07 1468                       /dev/nvidiactl
7ac8eb000000-7ac8eb200000 rw-s 00000000 00:07 1468                       /dev/nvidiactl
7ac8eb200000-7ac8eb400000 rw-s 00000000 00:07 1468                       /dev/nvidiactl
7ac8eb400000-7ac8eb600000 rw-s 00000000 00:07 1468                       /dev/nvidiactl
7ac8eb600000-7ac8eb800000 rw-s 00000000 00:07 1468                       /dev/nvidiactl
7ac8eb800000-7ac8eba00000 rw-s 00000000 00:07 1468                       /dev/nvidiactl
7ac8eba00000-7ac8ebc00000 rw-s 00000000 00:07 1468                       /dev/nvidiactl
7ac8ebc00000-7ac8ebe00000 rw-s 00000000 00:07 1468                       /dev/nvidiactl
7ac8ebe00000-7ac8ec000000 rw-s 00000000 00:07 1468                       /dev/nvidiactl
7ac8ec000000-7ac8ec200000 rw-s 00000000 00:07 1468                       /dev/nvidiactl
7ac8ec200000-7ac8ec400000 rw-s 00000000 00:07 1468                       /dev/nvidiactl
7ac8ec400000-7ac8ec600000 rw-s 00000000 00:07 1468                       /dev/nvidiactl
7ac8ec600000-7ac8ec800000 rw-s 00000000 00:07 1468                       /dev/nvidiactl
7ac8ec800000-7ac8eca00000 rw-s 00000000 00:07 1468                       /dev/nvidiactl
7ac8eca00000-7ac8ecc00000 rw-s 00000000 00:07 1468                       /dev/nvidiactl
7ac8ecc00000-7ac8ece00000 rw-s 00000000 00:07 1468                       /dev/nvidiactl
7ac8ece00000-7ac8ed000000 rw-s 00000000 00:07 1468                       /dev/nvidiactl
7ac8ed000000-7ac8ed200000 rw-s 00000000 00:07 1468                       /dev/nvidiactl
7ac8ed200000-7ac8ed400000 rw-s 00000000 00:07 1468                       /dev/nvidiactl
7ac8ed400000-7ac8ed600000 rw-s 00000000 00:07 1468                       /dev/nvidiactl
7ac8ed600000-7ac8ed800000 rw-s 00000000 00:07 1468                       /dev/nvidiactl
7ac8ed800000-7ac8eda00000 rw-s 00000000 00:07 1468                       /dev/nvidiactl
7ac8eda00000-7ac8edc00000 rw-s 00000000 00:07 1468                       /dev/nvidiactl
7ac8edc00000-7ac8ede00000 rw-s 00000000 00:07 1468                       /dev/nvidiactl
7ac8ede00000-7ac8ee000000 rw-s 00000000 00:07 1468                       /dev/nvidiactl
7ac8ee000000-7ac8ee200000 rw-s 00000000 00:07 1468                       /dev/nvidiactl
7ac8ee200000-7ac8ee400000 rw-s 00000000 00:07 1468                       /dev/nvidiactl
7ac8ee400000-7ac8ee600000 rw-s 00000000 00:07 1468                       /dev/nvidiactl
7ac8ee600000-7ac8ee800000 rw-s 00000000 00:07 1468                       /dev/nvidiactl
7ac8ee800000-7ac8eea00000 rw-s 00000000 00:07 1468                       /dev/nvidiactl
7ac8eea00000-7ac8eec00000 rw-s 00000000 00:07 1468                       /dev/nvidiactl
7ac8eec00000-7ac8eee00000 rw-s 00000000 00:07 1468                       /dev/nvidiactl
7ac8eee00000-7ac8ef000000 rw-s 00000000 00:07 1468                       /dev/nvidiactl
7ac8ef000000-7ac8ef200000 rw-s 00000000 00:07 1468                       /dev/nvidiactl
7ac8ef200000-7ac8ef400000 rw-s 00000000 00:07 1468                       /dev/nvidiactl
7ac8ef400000-7ac8ef600000 rw-s 00000000 00:07 1468                       /dev/nvidiactl
7ac8ef600000-7ac8ef800000 rw-s 00000000 00:07 1468                       /dev/nvidiactl
7ac8ef800000-7ac8efa00000 rw-s 00000000 00:07 1468                       /dev/nvidiactl
7ac8efa00000-7ac8efc00000 rw-s 00000000 00:07 1468                       /dev/nvidiactl
7ac8efc00000-7ac8efe00000 rw-s 00000000 00:07 1468                       /dev/nvidiactl
7ac8efe00000-7ac8f0000000 rw-s 00000000 00:07 1468                       /dev/nvidiactl
7ac8f0000000-7ac8f0200000 rw-s 00000000 00:07 1468                       /dev/nvidiactl
7ac8f0200000-7ac8f0400000 rw-s 00000000 00:07 1468                       /dev/nvidiactl
7ac8f0400000-7ac8f0600000 rw-s 00000000 00:07 1468                       /dev/nvidiactl
7ac8f0600000-7ac8f0800000 rw-s 00000000 00:07 1468                       /dev/nvidiactl
7ac8f0800000-7ac8f0a00000 rw-s 00000000 00:07 1468                       /dev/nvidiactl
7ac8f0a00000-7ac8f0c00000 rw-s 00000000 00:07 1468                       /dev/nvidiactl
7ac8f0c00000-7ac8f0e00000 rw-s 00000000 00:07 1468                       /dev/nvidiactl
7ac8f0e00000-7ac8f1000000 rw-s 00000000 00:07 1468                       /dev/nvidiactl
7ac8f1000000-7ac8f1200000 rw-s 00000000 00:07 1468                       /dev/nvidiactl
7ac8f1200000-7ac8f1400000 rw-s 00000000 00:07 1468                       /dev/nvidiactl
7ac8f1400000-7ac8f1600000 rw-s 00000000 00:07 1468                       /dev/nvidiactl
7ac8f1600000-7ac8f1800000 rw-s 00000000 00:07 1468                       /dev/nvidiactl
7ac8f1800000-7ac8f1a00000 rw-s 00000000 00:07 1468                       /dev/nvidiactl
7ac8f1a00000-7ac8f1c00000 rw-s 00000000 00:07 1468                       /dev/nvidiactl
7ac8f1c00000-7ac8f1e00000 rw-s 00000000 00:07 1468                       /dev/nvidiactl
7ac8f1e00000-7ac8f2000000 rw-s 00000000 00:07 1468                       /dev/nvidiactl
7ac8f2000000-7ac8f2200000 rw-s 00000000 00:07 1468                       /dev/nvidiactl
7ac8f2200000-7ac8f2400000 rw-s 00000000 00:07 1468                       /dev/nvidiactl
7ac8f2400000-7ac8f2600000 rw-s 00000000 00:07 1468                       /dev/nvidiactl
7ac8f2600000-7ac8f2800000 rw-s 00000000 00:07 1468                       /dev/nvidiactl
7ac8f2800000-7ac8f2a00000 rw-s 00000000 00:07 1468                       /dev/nvidiactl
7ac8f2a00000-7ac8f2c00000 rw-s 00000000 00:07 1468                       /dev/nvidiactl
7ac8f2c00000-7ac8f2e00000 rw-s 00000000 00:07 1468                       /dev/nvidiactl
7ac8f2e00000-7ac8f3000000 rw-s 00000000 00:07 1468                       /dev/nvidiactl
7ac8f3000000-7ac8f3200000 rw-s 00000000 00:07 1468                       /dev/nvidiactl
7ac8f3200000-7ac8f3400000 rw-s 00000000 00:07 1468                       /dev/nvidiactl
7ac8f3400000-7ac8f3600000 rw-s 00000000 00:07 1468                       /dev/nvidiactl
7ac8f3600000-7ac8f3800000 rw-s 00000000 00:07 1468                       /dev/nvidiactl
7ac8f3800000-7ac8f3a00000 rw-s 00000000 00:07 1468                       /dev/nvidiactl
7ac8f3a00000-7ac8f3c00000 rw-s 00000000 00:07 1468                       /dev/nvidiactl
7ac8f3c00000-7ac8f3e00000 rw-s 00000000 00:07 1468                       /dev/nvidiactl
7ac8f3e00000-7ac8f4000000 rw-s 00000000 00:07 1468                       /dev/nvidiactl
7ac8f4000000-7ac8f4200000 rw-s 00000000 00:07 1468                       /dev/nvidiactl
7ac8f4200000-7ac8f4400000 rw-s 00000000 00:07 1468                       /dev/nvidiactl
7ac8f4400000-7ac8f4600000 rw-s 00000000 00:07 1468                       /dev/nvidiactl
7ac8f4600000-7ac8f4800000 rw-s 00000000 00:07 1468                       /dev/nvidiactl
7ac8f4800000-7ac8f4a00000 rw-s 00000000 00:07 1468                       /dev/nvidiactl
7ac8f4a00000-7ac8f4c00000 rw-s 00000000 00:07 1468                       /dev/nvidiactl
7ac8f4c00000-7ac8f4e00000 rw-s 00000000 00:07 1468                       /dev/nvidiactl
7ac8f4e00000-7ac8f5000000 rw-s 00000000 00:07 1468                       /dev/nvidiactl
7ac8f5000000-7ac8f5200000 rw-s 00000000 00:07 1468                       /dev/nvidiactl
7ac8f5200000-7ac8f5400000 rw-s 00000000 00:07 1468                       /dev/nvidiactl
7ac8f5400000-7ac8f5600000 rw-s 00000000 00:07 1468                       /dev/nvidiactl
7ac8f5600000-7ac8f5800000 rw-s 00000000 00:07 1468                       /dev/nvidiactl
7ac8f5800000-7ac8f5a00000 rw-s 00000000 00:07 1468                       /dev/nvidiactl
7ac8f5a00000-7ac8f5c00000 rw-s 00000000 00:07 1468                       /dev/nvidiactl
7ac8f5c00000-7ac8f5e00000 rw-s 00000000 00:07 1468                       /dev/nvidiactl
7ac8f5e00000-7ac8f6000000 rw-s 00000000 00:07 1468                       /dev/nvidiactl
7ac8f6000000-7ac8f6200000 rw-s 00000000 00:07 1468                       /dev/nvidiactl
7ac8f6200000-7ac8f6400000 rw-s 00000000 00:07 1468                       /dev/nvidiactl
7ac8f6400000-7ac8f6600000 rw-s 00000000 00:07 1468                       /dev/nvidiactl
7ac8f6600000-7ac8f6800000 rw-s 00000000 00:07 1468                       /dev/nvidiactl
7ac8f6800000-7ac8f6a00000 rw-s 00000000 00:07 1468                       /dev/nvidiactl
7ac8f6a00000-7ac8f6c00000 rw-s 00000000 00:07 1468                       /dev/nvidiactl
7ac8f6c00000-7ac8f6e00000 rw-s 00000000 00:07 1468                       /dev/nvidiactl
7ac8f6e00000-7ac8f7000000 rw-s 00000000 00:07 1468                       /dev/nvidiactl
7ac8f7000000-7ac8f7200000 rw-s 00000000 00:07 1468                       /dev/nvidiactl
7ac8f7200000-7ac8f7400000 rw-s 00000000 00:07 1468                       /dev/nvidiactl
7ac8f7400000-7ac8f7600000 rw-s 00000000 00:07 1468                       /dev/nvidiactl
7ac8f7600000-7ac8f7800000 rw-s 00000000 00:07 1468                       /dev/nvidiactl
7ac8f7800000-7ac8f7a00000 rw-s 00000000 00:07 1468                       /dev/nvidiactl
7ac8f7a00000-7ac8f7c00000 rw-s 00000000 00:07 1468                       /dev/nvidiactl
7ac8f7c00000-7ac8f7e00000 rw-s 00000000 00:07 1468                       /dev/nvidiactl
7ac8f7e00000-7ac8f8000000 rw-s 00000000 00:07 1468                       /dev/nvidiactl
7ac8f8000000-7ac8f8200000 rw-s 00000000 00:07 1468                       /dev/nvidiactl
7ac8f8200000-7ac8f8400000 rw-s 00000000 00:07 1468                       /dev/nvidiactl
7ac8f8400000-7ac8f8600000 rw-s 00000000 00:07 1468                       /dev/nvidiactl
7ac8f8600000-7ac8f8800000 rw-s 00000000 00:07 1468                       /dev/nvidiactl
7ac8f8800000-7ac8f8a00000 rw-s 00000000 00:07 1468                       /dev/nvidiactl
7ac8f8a00000-7ac8f8c00000 rw-s 00000000 00:07 1468                       /dev/nvidiactl
7ac8f8c00000-7ac8f8e00000 rw-s 00000000 00:07 1468                       /dev/nvidiactl
7ac8f8e00000-7ac8f9000000 rw-s 00000000 00:07 1468                       /dev/nvidiactl
7ac8f9000000-7ac8f9200000 rw-s 00000000 00:07 1468                       /dev/nvidiactl
7ac8f9200000-7ac8f9400000 rw-s 00000000 00:07 1468                       /dev/nvidiactl
7ac8f9400000-7ac8f9600000 rw-s 00000000 00:07 1468                       /dev/nvidiactl
7ac8f9600000-7ac8f9800000 rw-s 00000000 00:07 1468                       /dev/nvidiactl
7ac8f9800000-7ac8f9a00000 rw-s 00000000 00:07 1468                       /dev/nvidiactl
7ac8f9a00000-7ac8f9c00000 rw-s 00000000 00:07 1468                       /dev/nvidiactl
7ac8f9c00000-7ac8f9e00000 rw-s 00000000 00:07 1468                       /dev/nvidiactl
7ac8f9e00000-7ac8fa000000 rw-s 00000000 00:07 1468                       /dev/nvidiactl
7ac8fa000000-7ac8fa200000 rw-s 00000000 00:07 1468                       /dev/nvidiactl
7ac8fa200000-7ac8fa400000 rw-s 00000000 00:07 1468                       /dev/nvidiactl
7ac8fa400000-7ac8fa600000 rw-s 00000000 00:07 1468                       /dev/nvidiactl
7ac8fa600000-7ac8fa800000 rw-s 00000000 00:07 1468                       /dev/nvidiactl
7ac8fa800000-7ac8faa00000 rw-s 00000000 00:07 1468                       /dev/nvidiactl
7ac8faa00000-7ac8fac00000 rw-s 00000000 00:07 1468                       /dev/nvidiactl
7ac8fac00000-7ac8fae00000 rw-s 00000000 00:07 1468                       /dev/nvidiactl
7ac8fae00000-7ac8fb000000 rw-s 00000000 00:07 1468                       /dev/nvidiactl
7ac8fb000000-7ac8fb200000 rw-s 00000000 00:07 1468                       /dev/nvidiactl
7ac8fb200000-7ac8fb400000 rw-s 00000000 00:07 1468                       /dev/nvidiactl
7ac8fb400000-7ac8fb600000 rw-s 00000000 00:07 1468                       /dev/nvidiactl
7ac8fb600000-7ac8fb800000 rw-s 00000000 00:07 1468                       /dev/nvidiactl
7ac8fb800000-7ac8fba00000 rw-s 00000000 00:07 1468                       /dev/nvidiactl
7ac8fba00000-7ac8fbc00000 rw-s 00000000 00:07 1468                       /dev/nvidiactl
7ac8fbc00000-7ac8fbe00000 rw-s 00000000 00:07 1468                       /dev/nvidiactl
7ac8fbe00000-7ac8fc000000 rw-s 00000000 00:07 1468                       /dev/nvidiactl
7ac8fc000000-7ac8fc200000 rw-s 00000000 00:07 1468                       /dev/nvidiactl
7ac8fc200000-7ac8fc400000 rw-s 00000000 00:07 1468                       /dev/nvidiactl
7ac8fc400000-7ac8fc600000 rw-s 00000000 00:07 1468                       /dev/nvidiactl
7ac8fc600000-7ac8fc800000 rw-s 00000000 00:07 1468                       /dev/nvidiactl
7ac8fc800000-7ac8fca00000 rw-s 00000000 00:07 1468                       /dev/nvidiactl
7ac8fca00000-7ac8fcc00000 rw-s 00000000 00:07 1468                       /dev/nvidiactl
7ac8fcc00000-7ac8fce00000 rw-s 00000000 00:07 1468                       /dev/nvidiactl
7ac8fce00000-7ac8fd000000 rw-s 00000000 00:07 1468                       /dev/nvidiactl
7ac8fd000000-7ac8fd200000 rw-s 00000000 00:07 1468                       /dev/nvidiactl
7ac8fd200000-7ac8fd400000 rw-s 00000000 00:07 1468                       /dev/nvidiactl
7ac8fd400000-7ac8fd600000 rw-s 00000000 00:07 1468                       /dev/nvidiactl
7ac8fd600000-7ac8fd800000 rw-s 00000000 00:07 1468                       /dev/nvidiactl
7ac8fd800000-7ac8fda00000 rw-s 00000000 00:07 1468                       /dev/nvidiactl
7ac8fda00000-7ac8fdc00000 rw-s 00000000 00:07 1468                       /dev/nvidiactl
7ac8fdc00000-7ac8fde00000 rw-s 00000000 00:07 1468                       /dev/nvidiactl
7ac8fde00000-7ac8fe000000 rw-s 00000000 00:07 1468                       /dev/nvidiactl
7ac8fe000000-7ac8fe200000 rw-s 00000000 00:07 1468                       /dev/nvidiactl
7ac8fe200000-7ac8fe400000 rw-s 00000000 00:07 1468                       /dev/nvidiactl
7ac8fe400000-7ac8fe600000 rw-s 00000000 00:07 1468                       /dev/nvidiactl
7ac8fe600000-7ac8fe800000 rw-s 00000000 00:07 1468                       /dev/nvidiactl
7ac8fe800000-7ac8fea00000 rw-s 00000000 00:07 1468                       /dev/nvidiactl
7ac8fea00000-7ac8fec00000 rw-s 00000000 00:07 1468                       /dev/nvidiactl
7ac8fec00000-7ac8fee00000 rw-s 00000000 00:07 1468                       /dev/nvidiactl
7ac8fee00000-7ac8ff000000 rw-s 00000000 00:07 1468                       /dev/nvidiactl
7ac8ff000000-7ac8ff200000 rw-s 00000000 00:07 1468                       /dev/nvidiactl
7ac8ff200000-7ac8ff400000 rw-s 00000000 00:07 1468                       /dev/nvidiactl
7ac8ff400000-7ac8ff600000 rw-s 00000000 00:07 1468                       /dev/nvidiactl
7ac8ff600000-7ac8ff800000 rw-s 00000000 00:07 1468                       /dev/nvidiactl
7ac8ff800000-7ac8ffa00000 rw-s 00000000 00:07 1468                       /dev/nvidiactl
7ac8ffa00000-7ac8ffc00000 rw-s 00000000 00:07 1468                       /dev/nvidiactl
7ac8ffc00000-7ac8ffe00000 rw-s 00000000 00:07 1468                       /dev/nvidiactl
7ac8ffe00000-7ac900000000 rw-s 00000000 00:07 1468                       /dev/nvidiactl
7ac900000000-7ac900200000 rw-s 00000000 00:07 1468                       /dev/nvidiactl
7ac900200000-7ac900400000 rw-s 00000000 00:07 1468                       /dev/nvidiactl
7ac900400000-7ac900600000 rw-s 00000000 00:07 1468                       /dev/nvidiactl
7ac900600000-7ac900800000 rw-s 00000000 00:07 1468                       /dev/nvidiactl
7ac900800000-7ac900a00000 rw-s 00000000 00:07 1468                       /dev/nvidiactl
7ac900a00000-7ac900c00000 rw-s 00000000 00:07 1468                       /dev/nvidiactl
7ac900c00000-7ac900e00000 rw-s 00000000 00:07 1468                       /dev/nvidiactl
7ac900e00000-7ac901000000 rw-s 00000000 00:07 1468                       /dev/nvidiactl
7ac901000000-7ac901200000 rw-s 00000000 00:07 1468                       /dev/nvidiactl
7ac901200000-7ac901400000 rw-s 00000000 00:07 1468                       /dev/nvidiactl
7ac901400000-7ac901600000 rw-s 00000000 00:07 1468                       /dev/nvidiactl
7ac901600000-7ac901800000 rw-s 00000000 00:07 1468                       /dev/nvidiactl
7ac901800000-7ac901a00000 rw-s 00000000 00:07 1468                       /dev/nvidiactl
7ac901a00000-7ac901c00000 rw-s 00000000 00:07 1468                       /dev/nvidiactl
7ac901c00000-7ac901e00000 rw-s 00000000 00:07 1468                       /dev/nvidiactl
7ac901e00000-7ac902000000 rw-s 00000000 00:07 1468                       /dev/nvidiactl
7ac902000000-7ac902200000 rw-s 00000000 00:07 1468                       /dev/nvidiactl
7ac902200000-7ac902400000 rw-s 00000000 00:07 1468                       /dev/nvidiactl
7ac902400000-7ac902600000 rw-s 00000000 00:07 1468                       /dev/nvidiactl
7ac902600000-7ac902800000 rw-s 00000000 00:07 1468                       /dev/nvidiactl
7ac902800000-7ac902a00000 rw-s 00000000 00:07 1468                       /dev/nvidiactl
7ac902a00000-7ac902c00000 rw-s 00000000 00:07 1468                       /dev/nvidiactl
7ac902c00000-7ac902e00000 rw-s 00000000 00:07 1468                       /dev/nvidiactl
7ac902e00000-7ac903000000 rw-s 00000000 00:07 1468                       /dev/nvidiactl
7ac903000000-7ac903200000 rw-s 00000000 00:07 1468                       /dev/nvidiactl
7ac903200000-7ac903400000 rw-s 00000000 00:07 1468                       /dev/nvidiactl
7ac903400000-7ac903600000 rw-s 00000000 00:07 1468                       /dev/nvidiactl
7ac903600000-7ac903800000 rw-s 00000000 00:07 1468                       /dev/nvidiactl
7ac903800000-7ac903a00000 rw-s 00000000 00:07 1468                       /dev/nvidiactl
7ac903a00000-7ac903c00000 rw-s 00000000 00:07 1468                       /dev/nvidiactl
7ac903c00000-7ac903e00000 rw-s 00000000 00:07 1468                       /dev/nvidiactl
7ac903e00000-7ac904000000 rw-s 00000000 00:07 1468                       /dev/nvidiactl
7ac904000000-7ac904200000 rw-s 00000000 00:07 1468                       /dev/nvidiactl
7ac904200000-7ac904400000 rw-s 00000000 00:07 1468                       /dev/nvidiactl
7ac904400000-7ac904600000 rw-s 00000000 00:07 1468                       /dev/nvidiactl
7ac904600000-7ac904800000 rw-s 00000000 00:07 1468                       /dev/nvidiactl
7ac904800000-7ac904a00000 rw-s 00000000 00:07 1468                       /dev/nvidiactl
7ac904a00000-7ac904c00000 rw-s 00000000 00:07 1468                       /dev/nvidiactl
7ac904c00000-7ac904e00000 rw-s 00000000 00:07 1468                       /dev/nvidiactl
7ac904e00000-7ac905000000 rw-s 00000000 00:07 1468                       /dev/nvidiactl
7ac905000000-7ac905200000 rw-s 00000000 00:07 1468                       /dev/nvidiactl
7ac905200000-7ac905400000 rw-s 00000000 00:07 1468                       /dev/nvidiactl
7ac905400000-7ac905600000 rw-s 00000000 00:07 1468                       /dev/nvidiactl
7ac905600000-7ac905800000 rw-s 00000000 00:07 1468                       /dev/nvidiactl
7ac905800000-7ac905a00000 rw-s 00000000 00:07 1468                       /dev/nvidiactl
7ac905a00000-7ac905c00000 rw-s 00000000 00:07 1468                       /dev/nvidiactl
7ac905c00000-7ac905e00000 rw-s 00000000 00:07 1468                       /dev/nvidiactl
7ac905e00000-7ac906000000 rw-s 00000000 00:07 1468                       /dev/nvidiactl
7ac906000000-7ac906200000 rw-s 00000000 00:07 1468                       /dev/nvidiactl
7ac906200000-7ac906400000 rw-s 00000000 00:07 1468                       /dev/nvidiactl
7ac906400000-7ac906600000 rw-s 00000000 00:07 1468                       /dev/nvidiactl
7ac906600000-7ac906800000 rw-s 00000000 00:07 1468                       /dev/nvidiactl
7ac906800000-7ac906a00000 rw-s 00000000 00:07 1468                       /dev/nvidiactl
7ac906a00000-7ac906c00000 rw-s 00000000 00:07 1468                       /dev/nvidiactl
7ac906c00000-7ac906e00000 rw-s 00000000 00:07 1468                       /dev/nvidiactl
7ac906e00000-7ac907000000 rw-s 00000000 00:07 1468                       /dev/nvidiactl
7ac907000000-7ac907200000 rw-s 00000000 00:07 1468                       /dev/nvidiactl
7ac907200000-7ac907400000 rw-s 00000000 00:07 1468                       /dev/nvidiactl
7ac907400000-7ac907600000 rw-s 00000000 00:07 1468                       /dev/nvidiactl
7ac907600000-7ac907800000 rw-s 00000000 00:07 1468                       /dev/nvidiactl
7ac907800000-7ac907a00000 rw-s 00000000 00:07 1468                       /dev/nvidiactl
7ac907a00000-7ac907c00000 rw-s 00000000 00:07 1468                       /dev/nvidiactl
7ac907c00000-7ac907e00000 rw-s 00000000 00:07 1468                       /dev/nvidiactl
7ac907e00000-7ac908000000 rw-s 00000000 00:07 1468                       /dev/nvidiactl
7ac908000000-7ac908200000 rw-s 00000000 00:07 1468                       /dev/nvidiactl
7ac908200000-7ac908400000 rw-s 00000000 00:07 1468                       /dev/nvidiactl
7ac908400000-7ac908600000 rw-s 00000000 00:07 1468                       /dev/nvidiactl
7ac908600000-7ac908800000 rw-s 00000000 00:07 1468                       /dev/nvidiactl
7ac908800000-7ac908a00000 rw-s 00000000 00:07 1468                       /dev/nvidiactl
7ac908a00000-7ac908c00000 rw-s 00000000 00:07 1468                       /dev/nvidiactl
7ac908c00000-7ac908e00000 rw-s 00000000 00:07 1468                       /dev/nvidiactl
7ac908e00000-7ac909000000 rw-s 00000000 00:07 1468                       /dev/nvidiactl
7ac909000000-7ac909200000 rw-s 00000000 00:07 1468                       /dev/nvidiactl
7ac909200000-7ac909400000 rw-s 00000000 00:07 1468                       /dev/nvidiactl
7ac909400000-7ac909600000 rw-s 00000000 00:07 1468                       /dev/nvidiactl
7ac909600000-7ac909800000 rw-s 00000000 00:07 1468                       /dev/nvidiactl
7ac909800000-7ac909a00000 rw-s 00000000 00:07 1468                       /dev/nvidiactl
7ac909a00000-7ac909c00000 rw-s 00000000 00:07 1468                       /dev/nvidiactl
7ac909c00000-7ac909e00000 rw-s 00000000 00:07 1468                       /dev/nvidiactl
7ac909e00000-7ac90a000000 rw-s 00000000 00:07 1468                       /dev/nvidiactl
7ac90a000000-7ac90a200000 rw-s 00000000 00:07 1468                       /dev/nvidiactl
7ac90a200000-7ac90a400000 rw-s 00000000 00:07 1468                       /dev/nvidiactl
7ac90a400000-7ac90a600000 rw-s 00000000 00:07 1468                       /dev/nvidiactl
7ac90a600000-7ac90a800000 rw-s 00000000 00:07 1468                       /dev/nvidiactl
7ac90a800000-7ac90aa00000 rw-s 00000000 00:07 1468                       /dev/nvidiactl
7ac90aa00000-7ac90ac00000 rw-s 00000000 00:07 1468                       /dev/nvidiactl
7ac90ac00000-7ac90ae00000 rw-s 00000000 00:07 1468                       /dev/nvidiactl
7ac90ae00000-7ac90b000000 rw-s 00000000 00:07 1468                       /dev/nvidiactl
7ac90b000000-7ac90b200000 rw-s 00000000 00:07 1468                       /dev/nvidiactl
7ac90b200000-7ac90b400000 rw-s 00000000 00:07 1468                       /dev/nvidiactl
7ac90b400000-7ac90b600000 rw-s 00000000 00:07 1468                       /dev/nvidiactl
7ac90b600000-7ac90b800000 rw-s 00000000 00:07 1468                       /dev/nvidiactl
7ac90b800000-7ac90ba00000 rw-s 00000000 00:07 1468                       /dev/nvidiactl
7ac90ba00000-7ac90bc00000 rw-s 00000000 00:07 1468                       /dev/nvidiactl
7ac90bc00000-7ac90be00000 rw-s 00000000 00:07 1468                       /dev/nvidiactl
7ac90be00000-7ac90c000000 rw-s 00000000 00:07 1468                       /dev/nvidiactl
7ac90c000000-7ac90c200000 rw-s 00000000 00:07 1468                       /dev/nvidiactl
7ac90c200000-7ac90c400000 rw-s 00000000 00:07 1468                       /dev/nvidiactl
7ac90c400000-7ac90c600000 rw-s 00000000 00:07 1468                       /dev/nvidiactl
7ac90c600000-7ac90c800000 rw-s 00000000 00:07 1468                       /dev/nvidiactl
7ac90c800000-7ac90ca00000 rw-s 00000000 00:07 1468                       /dev/nvidiactl
7ac90ca00000-7ac90cc00000 rw-s 00000000 00:07 1468                       /dev/nvidiactl
7ac90cc00000-7ac90ce00000 rw-s 00000000 00:07 1468                       /dev/nvidiactl
7ac90ce00000-7ac90d000000 rw-s 00000000 00:07 1468                       /dev/nvidiactl
7ac90d000000-7ac90d200000 rw-s 00000000 00:07 1468                       /dev/nvidiactl
7ac90d200000-7ac90d400000 rw-s 00000000 00:07 1468                       /dev/nvidiactl
7ac90d400000-7ac90d600000 rw-s 00000000 00:07 1468                       /dev/nvidiactl
7ac90d600000-7ac90d800000 rw-s 00000000 00:07 1468                       /dev/nvidiactl
7ac90d800000-7ac90da00000 rw-s 00000000 00:07 1468                       /dev/nvidiactl
7ac90da00000-7ac90dc00000 rw-s 00000000 00:07 1468                       /dev/nvidiactl
7ac90dc00000-7ac90de00000 rw-s 00000000 00:07 1468                       /dev/nvidiactl
7ac90de00000-7ac90e000000 rw-s 00000000 00:07 1468                       /dev/nvidiactl
7ac90e000000-7ac90e200000 rw-s 00000000 00:07 1468                       /dev/nvidiactl
7ac90e200000-7ac90e400000 rw-s 00000000 00:07 1468                       /dev/nvidiactl
7ac90e400000-7ac90e600000 rw-s 00000000 00:07 1468                       /dev/nvidiactl
7ac90e600000-7ac90e800000 rw-s 00000000 00:07 1468                       /dev/nvidiactl
7ac90e800000-7ac90ea00000 rw-s 00000000 00:07 1468                       /dev/nvidiactl
7ac90ea00000-7ac90ec00000 rw-s 00000000 00:07 1468                       /dev/nvidiactl
7ac90ec00000-7ac90ee00000 rw-s 00000000 00:07 1468                       /dev/nvidiactl
7ac90ee00000-7ac90f000000 rw-s 00000000 00:07 1468                       /dev/nvidiactl
7ac90f000000-7ac90f200000 rw-s 00000000 00:07 1468                       /dev/nvidiactl
7ac90f200000-7ac90f400000 rw-s 00000000 00:07 1468                       /dev/nvidiactl
7ac90f400000-7ac90f600000 rw-s 00000000 00:07 1468                       /dev/nvidiactl
7ac90f600000-7ac90f800000 rw-s 00000000 00:07 1468                       /dev/nvidiactl
7ac90f800000-7ac90fa00000 rw-s 00000000 00:07 1468                       /dev/nvidiactl
7ac90fa00000-7ac90fc00000 rw-s 00000000 00:07 1468                       /dev/nvidiactl
7ac90fc00000-7ac90fe00000 rw-s 00000000 00:07 1468                       /dev/nvidiactl
7ac90fe00000-7ac910000000 rw-s 00000000 00:07 1468                       /dev/nvidiactl
7ac910000000-7ac910200000 rw-s 00000000 00:07 1468                       /dev/nvidiactl
7ac910200000-7ac910400000 rw-s 00000000 00:07 1468                       /dev/nvidiactl
7ac910400000-7ac910600000 rw-s 00000000 00:07 1468                       /dev/nvidiactl
7ac910600000-7ac910800000 rw-s 00000000 00:07 1468                       /dev/nvidiactl
7ac910800000-7ac910a00000 rw-s 00000000 00:07 1468                       /dev/nvidiactl
7ac910a00000-7ac910c00000 rw-s 00000000 00:07 1468                       /dev/nvidiactl
7ac910c00000-7ac910e00000 rw-s 00000000 00:07 1468                       /dev/nvidiactl
7ac910e00000-7ac911000000 rw-s 00000000 00:07 1468                       /dev/nvidiactl
7ac911000000-7ac911200000 rw-s 00000000 00:07 1468                       /dev/nvidiactl
7ac911200000-7ac911400000 rw-s 00000000 00:07 1468                       /dev/nvidiactl
7ac911400000-7ac911600000 rw-s 00000000 00:07 1468                       /dev/nvidiactl
7ac911600000-7ac911800000 rw-s 00000000 00:07 1468                       /dev/nvidiactl
7ac911800000-7ac911a00000 rw-s 00000000 00:07 1468                       /dev/nvidiactl
7ac911a00000-7ac911c00000 rw-s 00000000 00:07 1468                       /dev/nvidiactl
7ac911c00000-7ac911e00000 rw-s 00000000 00:07 1468                       /dev/nvidiactl
7ac911e00000-7ac912000000 rw-s 00000000 00:07 1468                       /dev/nvidiactl
7ac912000000-7ac912200000 rw-s 00000000 00:07 1468                       /dev/nvidiactl
7ac912200000-7ac912400000 rw-s 00000000 00:07 1468                       /dev/nvidiactl
7ac912400000-7ac912600000 rw-s 00000000 00:07 1468                       /dev/nvidiactl
7ac912600000-7ac912800000 rw-s 00000000 00:07 1468                       /dev/nvidiactl
7ac912800000-7ac912a00000 rw-s 00000000 00:07 1468                       /dev/nvidiactl
7ac912a00000-7ac912c00000 rw-s 00000000 00:07 1468                       /dev/nvidiactl
7ac912c00000-7ac912e00000 rw-s 00000000 00:07 1468                       /dev/nvidiactl
7ac912e00000-7ac913000000 rw-s 00000000 00:07 1468                       /dev/nvidiactl
7ac913000000-7ac913200000 rw-s 00000000 00:07 1468                       /dev/nvidiactl
7ac913200000-7ac913400000 rw-s 00000000 00:07 1468                       /dev/nvidiactl
7ac913400000-7ac913600000 rw-s 00000000 00:07 1468                       /dev/nvidiactl
7ac913600000-7ac913800000 rw-s 00000000 00:07 1468                       /dev/nvidiactl
7ac913800000-7ac913a00000 rw-s 00000000 00:07 1468                       /dev/nvidiactl
7ac913a00000-7ac913c00000 rw-s 00000000 00:07 1468                       /dev/nvidiactl
7ac913c00000-7ac913e00000 rw-s 00000000 00:07 1468                       /dev/nvidiactl
7ac913e00000-7ac914000000 rw-s 00000000 00:07 1468                       /dev/nvidiactl
7ac914000000-7ac914200000 rw-s 00000000 00:07 1468                       /dev/nvidiactl
7ac914200000-7ac914400000 rw-s 00000000 00:07 1468                       /dev/nvidiactl
7ac914400000-7ac914600000 rw-s 00000000 00:07 1468                       /dev/nvidiactl
7ac914600000-7ac914800000 rw-s 00000000 00:07 1468                       /dev/nvidiactl
7ac914800000-7ac914a00000 rw-s 00000000 00:07 1468                       /dev/nvidiactl
7ac914a00000-7ac914c00000 rw-s 00000000 00:07 1468                       /dev/nvidiactl
7ac914c00000-7ac914e00000 rw-s 00000000 00:07 1468                       /dev/nvidiactl
7ac914e00000-7ac915000000 rw-s 00000000 00:07 1468                       /dev/nvidiactl
7ac915000000-7ac915200000 rw-s 00000000 00:07 1468                       /dev/nvidiactl
7ac915200000-7ac915400000 rw-s 00000000 00:07 1468                       /dev/nvidiactl
7ac915400000-7ac915600000 rw-s 00000000 00:07 1468                       /dev/nvidiactl
7ac915600000-7ac915800000 rw-s 00000000 00:07 1468                       /dev/nvidiactl
7ac915800000-7ac915a00000 rw-s 00000000 00:07 1468                       /dev/nvidiactl
7ac915a00000-7ac915c00000 rw-s 00000000 00:07 1468                       /dev/nvidiactl
7ac915c00000-7ac915e00000 rw-s 00000000 00:07 1468                       /dev/nvidiactl
7ac915e00000-7ac916000000 rw-s 00000000 00:07 1468                       /dev/nvidiactl
7ac916000000-7ac916200000 rw-s 00000000 00:07 1468                       /dev/nvidiactl
7ac916200000-7ac916400000 rw-s 00000000 00:07 1468                       /dev/nvidiactl
7ac916400000-7ac916600000 rw-s 00000000 00:07 1468                       /dev/nvidiactl
7ac916600000-7ac916800000 rw-s 00000000 00:07 1468                       /dev/nvidiactl
7ac916800000-7ac916a00000 rw-s 00000000 00:07 1468                       /dev/nvidiactl
7ac916a00000-7ac916c00000 rw-s 00000000 00:07 1468                       /dev/nvidiactl
7ac916c00000-7ac916e00000 rw-s 00000000 00:07 1468                       /dev/nvidiactl
7ac916e00000-7ac917000000 rw-s 00000000 00:07 1468                       /dev/nvidiactl
7ac917000000-7ac917200000 rw-s 00000000 00:07 1468                       /dev/nvidiactl
7ac917200000-7ac917400000 rw-s 00000000 00:07 1468                       /dev/nvidiactl
7ac917400000-7ac917600000 rw-s 00000000 00:07 1468                       /dev/nvidiactl
7ac917600000-7ac917800000 rw-s 00000000 00:07 1468                       /dev/nvidiactl
7ac917800000-7ac917a00000 rw-s 00000000 00:07 1468                       /dev/nvidiactl
7ac917a00000-7ac917c00000 rw-s 00000000 00:07 1468                       /dev/nvidiactl
7ac917c00000-7ac917e00000 rw-s 00000000 00:07 1468                       /dev/nvidiactl
7ac917e00000-7ac918000000 rw-s 00000000 00:07 1468                       /dev/nvidiactl
7ac918000000-7ac918021000 rw-p 00000000 00:00 0 
7ac918021000-7ac91c000000 ---p 00000000 00:00 0 
7ac91c000000-7ac91c021000 rw-p 00000000 00:00 0 
7ac91c021000-7ac920000000 ---p 00000000 00:00 0 
7ac920000000-7ac920021000 rw-p 00000000 00:00 0 
7ac920021000-7ac924000000 ---p 00000000 00:00 0 
7ac924000000-7ac924021000 rw-p 00000000 00:00 0 
7ac924021000-7ac928000000 ---p 00000000 00:00 0 
7ac928000000-7ac928021000 rw-p 00000000 00:00 0 
7ac928021000-7ac92c000000 ---p 00000000 00:00 0 
7ac92c0fb000-7ac92c2fb000 rw-s 00000000 00:07 1468                       /dev/nvidiactl
7ac92c2fb000-7ac92c4fb000 rw-s 00000000 00:07 1468                       /dev/nvidiactl
7ac92c4fb000-7ac92c6fb000 rw-s 00000000 00:07 1468                       /dev/nvidiactl
7ac92c6fb000-7ac92c8fb000 rw-s 00000000 00:07 1468                       /dev/nvidiactl
7ac92c8fb000-7ac92cafb000 rw-s 00000000 00:07 1468                       /dev/nvidiactl
7ac92cafb000-7ac92ccfb000 rw-s 00000000 00:07 1468                       /dev/nvidiactl
7ac92ccfb000-7ac92cefb000 rw-s 00000000 00:07 1468                       /dev/nvidiactl
7ac92cefb000-7ac92d0fb000 rw-s 00000000 00:07 1468                       /dev/nvidiactl
7ac92d0fb000-7ac92d2fb000 rw-s 00000000 00:07 1468                       /dev/nvidiactl
7ac92d2fb000-7ac92d4fb000 rw-s 00000000 00:07 1468                       /dev/nvidiactl
7ac92d4fb000-7ac92d6fb000 rw-s 00000000 00:07 1468                       /dev/nvidiactl
7ac92d6fb000-7ac92d8fb000 rw-s 00000000 00:07 1468                       /dev/nvidiactl
7ac92d8fb000-7ac92dafb000 rw-s 00000000 00:07 1468                       /dev/nvidiactl
7ac92dafb000-7ac92dcfb000 rw-s 00000000 00:07 1468                       /dev/nvidiactl
7ac92dcfb000-7ac92defb000 rw-s 00000000 00:07 1468                       /dev/nvidiactl
7ac92defb000-7ac92e0fb000 rw-s 00000000 00:07 1468                       /dev/nvidiactl
7ac92e0fb000-7ac92e2fb000 rw-s 00000000 00:07 1468                       /dev/nvidiactl
7ac92e2fb000-7ac92e4fb000 rw-s 00000000 00:07 1468                       /dev/nvidiactl
7ac92e4fb000-7ac92e6fb000 rw-s 00000000 00:07 1468                       /dev/nvidiactl
7ac92e6fb000-7ac92e8fb000 rw-s 00000000 00:07 1468                       /dev/nvidiactl
7ac92e8fb000-7ac92eafb000 rw-s 00000000 00:07 1468                       /dev/nvidiactl
7ac92eafb000-7ac92ecfb000 rw-s 00000000 00:07 1468                       /dev/nvidiactl
7ac92ecfb000-7ac92eefb000 rw-s 00000000 00:07 1468                       /dev/nvidiactl
7ac92eefb000-7ac92f0fb000 rw-s 00000000 00:07 1468                       /dev/nvidiactl
7ac92f0fb000-7ac92f2fb000 rw-s 00000000 00:07 1468                       /dev/nvidiactl
7ac92f2fb000-7ac92f4fb000 rw-s 00000000 00:07 1468                       /dev/nvidiactl
7ac92f4fb000-7ac92f6fb000 rw-s 00000000 00:07 1468                       /dev/nvidiactl
7ac92f6fb000-7ac92f8fb000 rw-s 00000000 00:07 1468                       /dev/nvidiactl
7ac92f8fb000-7ac92fafb000 rw-s 00000000 00:07 1468                       /dev/nvidiactl
7ac92fafb000-7ac930000000 rw-p 00000000 00:00 0 
7ac930000000-7ac930021000 rw-p 00000000 00:00 0 
7ac930021000-7ac934000000 ---p 00000000 00:00 0 
7ac934000000-7ac934021000 rw-p 00000000 00:00 0 
7ac934021000-7ac938000000 ---p 00000000 00:00 0 
7ac938000000-7ac938021000 rw-p 00000000 00:00 0 
7ac938021000-7ac93c000000 ---p 00000000 00:00 0 
7ac93c000000-7ac93c021000 rw-p 00000000 00:00 0 
7ac93c021000-7ac940000000 ---p 00000000 00:00 0 
7ac940000000-7ac940021000 rw-p 00000000 00:00 0 
7ac940021000-7ac944000000 ---p 00000000 00:00 0 
7ac944000000-7ac944021000 rw-p 00000000 00:00 0 
7ac944021000-7ac948000000 ---p 00000000 00:00 0 
7ac948000000-7ac948021000 rw-p 00000000 00:00 0 
7ac948021000-7ac94c000000 ---p 00000000 00:00 0 
7ac94c000000-7ac94c021000 rw-p 00000000 00:00 0 
7ac94c021000-7ac950000000 ---p 00000000 00:00 0 
7ac950000000-7ac950021000 rw-p 00000000 00:00 0 
7ac950021000-7ac954000000 ---p 00000000 00:00 0 
7ac954000000-7ac954021000 rw-p 00000000 00:00 0 
7ac954021000-7ac958000000 ---p 00000000 00:00 0 
7ac958000000-7ac958021000 rw-p 00000000 00:00 0 
7ac958021000-7ac95c000000 ---p 00000000 00:00 0 
7ac95c000000-7ac95c021000 rw-p 00000000 00:00 0 
7ac95c021000-7ac960000000 ---p 00000000 00:00 0 
7ac960000000-7ac960021000 rw-p 00000000 00:00 0 
7ac960021000-7ac964000000 ---p 00000000 00:00 0 
7ac964000000-7ac964021000 rw-p 00000000 00:00 0 
7ac964021000-7ac968000000 ---p 00000000 00:00 0 
7ac968000000-7ac968021000 rw-p 00000000 00:00 0 
7ac968021000-7ac96c000000 ---p 00000000 00:00 0 
7ac96c000000-7ac96c021000 rw-p 00000000 00:00 0 
7ac96c021000-7ac970000000 ---p 00000000 00:00 0 
7ac970000000-7ac9700c5000 rw-p 00000000 00:00 0 
7ac9700c5000-7ac974000000 ---p 00000000 00:00 0 
7ac974000000-7ac974021000 rw-p 00000000 00:00 0 
7ac974021000-7ac978000000 ---p 00000000 00:00 0 
7ac978000000-7ac978021000 rw-p 00000000 00:00 0 
7ac978021000-7ac97c000000 ---p 00000000 00:00 0 
7ac97c000000-7ac97c035000 rw-p 00000000 00:00 0 
7ac97c035000-7ac980000000 ---p 00000000 00:00 0 
7ac980000000-7ac980021000 rw-p 00000000 00:00 0 
7ac980021000-7ac984000000 ---p 00000000 00:00 0 
7ac9840d0000-7ac9851e1000 rw-p 00000000 00:00 0 
7ac9851e1000-7ac9853e1000 rw-s 00000000 00:07 1468                       /dev/nvidiactl
7ac9853e1000-7ac9855e1000 rw-s 00000000 00:07 1468                       /dev/nvidiactl
7ac9855e1000-7ac9857e1000 rw-s 00000000 00:07 1468                       /dev/nvidiactl
7ac9857e1000-7ac9859e1000 rw-s 00000000 00:07 1468                       /dev/nvidiactl
7ac9859e1000-7ac985be1000 rw-s 00000000 00:07 1468                       /dev/nvidiactl
7ac985be1000-7ac985de1000 rw-s 00000000 00:07 1468                       /dev/nvidiactl
7ac985de1000-7ac985de5000 ---p 00000000 00:00 0 
7ac985de5000-7ac985ee1000 rw-p 00000000 00:00 0 
7ac985ee1000-7ac9860e1000 rw-s 00000000 00:07 1468                       /dev/nvidiactl
7ac98623d000-7ac98643d000 rw-s 00000000 00:07 1468                       /dev/nvidiactl
7ac98643d000-7ac98663d000 rw-s 00000000 00:07 1468                       /dev/nvidiactl
7ac98663d000-7ac986a3d000 rw-s 00000000 00:07 1468                       /dev/nvidiactl
7ac986aeb000-7ac986ceb000 rw-s 00000000 00:07 1468                       /dev/nvidiactl
7ac986ceb000-7ac986cef000 ---p 00000000 00:00 0 
7ac986cef000-7ac986deb000 rw-p 00000000 00:00 0 
7ac986deb000-7ac986df3000 r--p 00000000 00:2f 14197                      /tmp/lwjgl_gooberheads/3.3.4-snapshot/x64/liblwjgl_stb.so
7ac986df3000-7ac986e6a000 r-xp 00008000 00:2f 14197                      /tmp/lwjgl_gooberheads/3.3.4-snapshot/x64/liblwjgl_stb.so
7ac986e6a000-7ac986e78000 r--p 0007f000 00:2f 14197                      /tmp/lwjgl_gooberheads/3.3.4-snapshot/x64/liblwjgl_stb.so
7ac986e78000-7ac986e79000 r--p 0008c000 00:2f 14197                      /tmp/lwjgl_gooberheads/3.3.4-snapshot/x64/liblwjgl_stb.so
7ac986e79000-7ac986e7a000 rw-p 0008d000 00:2f 14197                      /tmp/lwjgl_gooberheads/3.3.4-snapshot/x64/liblwjgl_stb.so
7ac986e7a000-7ac986e7e000 ---p 00000000 00:00 0 
7ac986e7e000-7ac986f7a000 rw-p 00000000 00:00 0 
7ac986f7a000-7ac986f7e000 ---p 00000000 00:00 0 
7ac986f7e000-7ac98707a000 rw-p 00000000 00:00 0 
7ac9871d6000-7ac9873d6000 rw-s 00000000 00:07 1468                       /dev/nvidiactl
7ac9873d6000-7ac9875d6000 rw-s 00000000 00:07 1468                       /dev/nvidiactl
7ac9875d6000-7ac9879d6000 rw-s 00000000 00:07 1468                       /dev/nvidiactl
7ac987a8e000-7ac987c8e000 rw-s 00000000 00:07 1468                       /dev/nvidiactl
7ac987c8e000-7ac987e8e000 rw-s 00000000 00:07 1468                       /dev/nvidiactl
7ac987e8e000-7ac98808e000 rw-s 00000000 00:07 1468                       /dev/nvidiactl
7ac98808e000-7ac98828e000 rw-s 00000000 00:07 1468                       /dev/nvidiactl
7ac98828e000-7ac98848e000 rw-s 00000000 00:07 1468                       /dev/nvidiactl
7ac98848e000-7ac98888e000 rw-s 00000000 00:07 1468                       /dev/nvidiactl
7ac988a00000-7ac988c00000 rw-s 00000000 00:07 1468                       /dev/nvidiactl
7ac988c00000-7ac98cf70000 r--p 00000000 103:03 10772250                  /usr/lib/x86_64-linux-gnu/libLLVM.so.21.1
7ac98cf70000-7ac990dc3000 r-xp 0436f000 103:03 10772250                  /usr/lib/x86_64-linux-gnu/libLLVM.so.21.1
7ac990dc3000-7ac990fe2000 r--p 081c1000 103:03 10772250                  /usr/lib/x86_64-linux-gnu/libLLVM.so.21.1
7ac990fe2000-7ac991029000 rw-p 083df000 103:03 10772250                  /usr/lib/x86_64-linux-gnu/libLLVM.so.21.1
7ac991029000-7ac9910d6000 rw-p 00000000 00:00 0 
7ac991200000-7ac9912dc000 r--p 00000000 103:03 10772571                  /usr/lib/x86_64-linux-gnu/libgallium-26.0.3-1ubuntu1.so
7ac9912dc000-7ac992c7b000 r-xp 000dc000 103:03 10772571                  /usr/lib/x86_64-linux-gnu/libgallium-26.0.3-1ubuntu1.so
7ac992c7b000-7ac993c6a000 r--p 01a7b000 103:03 10772571                  /usr/lib/x86_64-linux-gnu/libgallium-26.0.3-1ubuntu1.so
7ac993c6a000-7ac993d5b000 r--p 02a69000 103:03 10772571                  /usr/lib/x86_64-linux-gnu/libgallium-26.0.3-1ubuntu1.so
7ac993d5b000-7ac993d82000 rw-p 02b5a000 103:03 10772571                  /usr/lib/x86_64-linux-gnu/libgallium-26.0.3-1ubuntu1.so
7ac993d82000-7ac993f4d000 rw-p 00000000 00:00 0 
7ac994000000-7ac995586000 rw-p 00000000 00:00 0 
7ac995586000-7ac998000000 ---p 00000000 00:00 0 
7ac998106000-7ac998306000 rw-s 00000000 00:07 1468                       /dev/nvidiactl
7ac998306000-7ac998506000 rw-s 00000000 00:07 1468                       /dev/nvidiactl
7ac998506000-7ac998706000 rw-s 00000000 00:07 1468                       /dev/nvidiactl
7ac99888e000-7ac998c8e000 rw-s 00000000 00:07 1468                       /dev/nvidiactl
7ac998dea000-7ac998fea000 rw-s 00000000 00:07 1468                       /dev/nvidiactl
7ac998fea000-7ac9991ea000 rw-s 00000000 00:07 1468                       /dev/nvidiactl
7ac9991ea000-7ac9993ea000 rw-s 00000000 00:07 1468                       /dev/nvidiactl
7ac999436000-7ac999636000 rw-s 00000000 00:07 1468                       /dev/nvidiactl
7ac99977b000-7ac9997fc000 rw-p 00000000 00:00 0 
7ac9998c0000-7ac9998c3000 r--p 00000000 103:03 10772245                  /usr/lib/x86_64-linux-gnu/libGLX.so.0.0.0
7ac9998c3000-7ac9998de000 r-xp 00003000 103:03 10772245                  /usr/lib/x86_64-linux-gnu/libGLX.so.0.0.0
7ac9998de000-7ac9998e1000 r--p 0001e000 103:03 10772245                  /usr/lib/x86_64-linux-gnu/libGLX.so.0.0.0
7ac9998e1000-7ac9998e2000 r--p 00021000 103:03 10772245                  /usr/lib/x86_64-linux-gnu/libGLX.so.0.0.0
7ac9998e2000-7ac9998e3000 rw-p 00022000 103:03 10772245                  /usr/lib/x86_64-linux-gnu/libGLX.so.0.0.0
7ac9998e3000-7ac9998f3000 rw-p 00000000 00:00 0 
7ac9998fb000-7ac9998ff000 r--p 00000000 103:03 12483208                  /usr/lib/jvm/java-21-openjdk-amd64/lib/libverify.so
7ac9998ff000-7ac999907000 r-xp 00004000 103:03 12483208                  /usr/lib/jvm/java-21-openjdk-amd64/lib/libverify.so
7ac999907000-7ac999909000 r--p 0000c000 103:03 12483208                  /usr/lib/jvm/java-21-openjdk-amd64/lib/libverify.so
7ac999909000-7ac99990b000 r--p 0000d000 103:03 12483208                  /usr/lib/jvm/java-21-openjdk-amd64/lib/libverify.so
7ac99990b000-7ac99990c000 rw-p 0000f000 103:03 12483208                  /usr/lib/jvm/java-21-openjdk-amd64/lib/libverify.so
7ac99990c000-7ac99993f000 r--p 00000000 00:2f 14195                      /tmp/lwjgl_gooberheads/3.3.4-snapshot/x64/liblwjgl_opengl.so
7ac99993f000-7ac999953000 r-xp 00033000 00:2f 14195                      /tmp/lwjgl_gooberheads/3.3.4-snapshot/x64/liblwjgl_opengl.so
7ac999953000-7ac999963000 r--p 00047000 00:2f 14195                      /tmp/lwjgl_gooberheads/3.3.4-snapshot/x64/liblwjgl_opengl.so
7ac999963000-7ac999964000 r--p 00056000 00:2f 14195                      /tmp/lwjgl_gooberheads/3.3.4-snapshot/x64/liblwjgl_opengl.so
7ac999964000-7ac999965000 rw-p 00057000 00:2f 14195                      /tmp/lwjgl_gooberheads/3.3.4-snapshot/x64/liblwjgl_opengl.so
7ac999965000-7ac9999e5000 rw-s 00000000 00:07 1468                       /dev/nvidiactl
7ac999a54000-7ac999ae5000 rw-p 00000000 00:00 0 
7ac999ae5000-7ac999b65000 rw-s 00000000 00:07 1468                       /dev/nvidiactl
7ac999b65000-7ac999bc4000 rw-p 00000000 00:00 0 
7ac999bc4000-7ac999bd7000 rw-s 00000000 00:07 1468                       /dev/nvidiactl
7ac999bd7000-7ac999c17000 rw-s 00000000 00:07 1468                       /dev/nvidiactl
7ac999c17000-7ac999c37000 rw-s 00000000 00:07 1468                       /dev/nvidiactl
7ac999c37000-7ac999c77000 rw-s 00000000 00:07 1468                       /dev/nvidiactl
7ac999c77000-7ac999c97000 rw-s 00000000 00:07 1468                       /dev/nvidiactl
7ac999c97000-7ac999d17000 rw-s 00000000 00:07 1469                       /dev/nvidia0
7ac999d17000-7ac999d57000 rw-s 00000000 00:07 1468                       /dev/nvidiactl
7ac999d77000-7ac999e41000 rw-p 00000000 00:00 0 
7ac999fd2000-7ac99a05b000 rw-p 00000000 00:00 0 
7ac99a05b000-7ac99a05f000 r--p 00000000 103:03 10750057                  /usr/lib/x86_64-linux-gnu/libnvidia-allocator.so.595.71.05
7ac99a05f000-7ac99a078000 r-xp 00004000 103:03 10750057                  /usr/lib/x86_64-linux-gnu/libnvidia-allocator.so.595.71.05
7ac99a078000-7ac99a083000 r--p 0001d000 103:03 10750057                  /usr/lib/x86_64-linux-gnu/libnvidia-allocator.so.595.71.05
7ac99a083000-7ac99a084000 r--p 00027000 103:03 10750057                  /usr/lib/x86_64-linux-gnu/libnvidia-allocator.so.595.71.05
7ac99a084000-7ac99a085000 rw-p 00028000 103:03 10750057                  /usr/lib/x86_64-linux-gnu/libnvidia-allocator.so.595.71.05
7ac99a085000-7ac99a087000 rw-p 00000000 00:00 0 
7ac99a087000-7ac99a089000 r--p 00000000 103:03 10772771                  /usr/lib/x86_64-linux-gnu/libmd.so.0.1.0
7ac99a089000-7ac99a092000 r-xp 00002000 103:03 10772771                  /usr/lib/x86_64-linux-gnu/libmd.so.0.1.0
7ac99a092000-7ac99a094000 r--p 0000b000 103:03 10772771                  /usr/lib/x86_64-linux-gnu/libmd.so.0.1.0
7ac99a094000-7ac99a095000 r--p 0000c000 103:03 10772771                  /usr/lib/x86_64-linux-gnu/libmd.so.0.1.0
7ac99a095000-7ac99a096000 rw-p 0000d000 103:03 10772771                  /usr/lib/x86_64-linux-gnu/libmd.so.0.1.0
7ac99a096000-7ac99a09a000 r--p 00000000 103:03 10772434                  /usr/lib/x86_64-linux-gnu/libbsd.so.0.12.2
7ac99a09a000-7ac99a0a6000 r-xp 00004000 103:03 10772434                  /usr/lib/x86_64-linux-gnu/libbsd.so.0.12.2
7ac99a0a6000-7ac99a0a9000 r--p 00010000 103:03 10772434                  /usr/lib/x86_64-linux-gnu/libbsd.so.0.12.2
7ac99a0a9000-7ac99a0aa000 r--p 00012000 103:03 10772434                  /usr/lib/x86_64-linux-gnu/libbsd.so.0.12.2
7ac99a0aa000-7ac99a0ab000 rw-p 00013000 103:03 10772434                  /usr/lib/x86_64-linux-gnu/libbsd.so.0.12.2
7ac99a0ab000-7ac99a0ac000 rw-p 00000000 00:00 0 
7ac99a0ac000-7ac99a0ba000 r--p 00000000 103:03 10773014                  /usr/lib/x86_64-linux-gnu/libtinfo.so.6.6
7ac99a0ba000-7ac99a0ce000 r-xp 0000e000 103:03 10773014                  /usr/lib/x86_64-linux-gnu/libtinfo.so.6.6
7ac99a0ce000-7ac99a0dc000 r--p 00022000 103:03 10773014                  /usr/lib/x86_64-linux-gnu/libtinfo.so.6.6
7ac99a0dc000-7ac99a0e0000 r--p 0002f000 103:03 10773014                  /usr/lib/x86_64-linux-gnu/libtinfo.so.6.6
7ac99a0e0000-7ac99a0e1000 rw-p 00033000 103:03 10773014                  /usr/lib/x86_64-linux-gnu/libtinfo.so.6.6
7ac99a0e1000-7ac99a0e3000 r--p 00000000 103:03 10772875                  /usr/lib/x86_64-linux-gnu/libpciaccess.so.0.11.1
7ac99a0e3000-7ac99a0e8000 r-xp 00002000 103:03 10772875                  /usr/lib/x86_64-linux-gnu/libpciaccess.so.0.11.1
7ac99a0e8000-7ac99a0ea000 r--p 00007000 103:03 10772875                  /usr/lib/x86_64-linux-gnu/libpciaccess.so.0.11.1
7ac99a0ea000-7ac99a0eb000 r--p 00008000 103:03 10772875                  /usr/lib/x86_64-linux-gnu/libpciaccess.so.0.11.1
7ac99a0eb000-7ac99a0ec000 rw-p 00009000 103:03 10772875                  /usr/lib/x86_64-linux-gnu/libpciaccess.so.0.11.1
7ac99a0ec000-7ac99a10d000 r--p 00000000 103:03 10773118                  /usr/lib/x86_64-linux-gnu/libxml2.so.16.1.2
7ac99a10d000-7ac99a208000 r-xp 00021000 103:03 10773118                  /usr/lib/x86_64-linux-gnu/libxml2.so.16.1.2
7ac99a208000-7ac99a245000 r--p 0011c000 103:03 10773118                  /usr/lib/x86_64-linux-gnu/libxml2.so.16.1.2
7ac99a245000-7ac99a24d000 r--p 00159000 103:03 10773118                  /usr/lib/x86_64-linux-gnu/libxml2.so.16.1.2
7ac99a24d000-7ac99a24e000 rw-p 00161000 103:03 10773118                  /usr/lib/x86_64-linux-gnu/libxml2.so.16.1.2
7ac99a24e000-7ac99a24f000 rw-p 00000000 00:00 0 
7ac99a24f000-7ac99a257000 r--p 00000000 103:03 10772523                  /usr/lib/x86_64-linux-gnu/libedit.so.2.0.76
7ac99a257000-7ac99a276000 r-xp 00008000 103:03 10772523                  /usr/lib/x86_64-linux-gnu/libedit.so.2.0.76
7ac99a276000-7ac99a282000 r--p 00027000 103:03 10772523                  /usr/lib/x86_64-linux-gnu/libedit.so.2.0.76
7ac99a282000-7ac99a284000 r--p 00033000 103:03 10772523                  /usr/lib/x86_64-linux-gnu/libedit.so.2.0.76
7ac99a284000-7ac99a285000 rw-p 00035000 103:03 10772523                  /usr/lib/x86_64-linux-gnu/libedit.so.2.0.76
7ac99a285000-7ac99a289000 rw-p 00000000 00:00 0 
7ac99a289000-7ac99a28c000 r--p 00000000 103:03 10772508                  /usr/lib/x86_64-linux-gnu/libdrm_intel.so.1.131.0
7ac99a28c000-7ac99a2a3000 r-xp 00003000 103:03 10772508                  /usr/lib/x86_64-linux-gnu/libdrm_intel.so.1.131.0
7ac99a2a3000-7ac99a2ad000 r--p 0001a000 103:03 10772508                  /usr/lib/x86_64-linux-gnu/libdrm_intel.so.1.131.0
7ac99a2ad000-7ac99a2ae000 r--p 00023000 103:03 10772508                  /usr/lib/x86_64-linux-gnu/libdrm_intel.so.1.131.0
7ac99a2ae000-7ac99a2af000 rw-p 00024000 103:03 10772508                  /usr/lib/x86_64-linux-gnu/libdrm_intel.so.1.131.0
7ac99a2af000-7ac99a2b2000 r--p 00000000 103:03 10772507                  /usr/lib/x86_64-linux-gnu/libdrm_amdgpu.so.1.131.0
7ac99a2b2000-7ac99a2b8000 r-xp 00003000 103:03 10772507                  /usr/lib/x86_64-linux-gnu/libdrm_amdgpu.so.1.131.0
7ac99a2b8000-7ac99a2ba000 r--p 00009000 103:03 10772507                  /usr/lib/x86_64-linux-gnu/libdrm_amdgpu.so.1.131.0
7ac99a2ba000-7ac99a2bb000 r--p 0000a000 103:03 10772507                  /usr/lib/x86_64-linux-gnu/libdrm_amdgpu.so.1.131.0
7ac99a2bb000-7ac99a2bc000 rw-p 0000b000 103:03 10772507                  /usr/lib/x86_64-linux-gnu/libdrm_amdgpu.so.1.131.0
7ac99a2bc000-7ac99a2c0000 r--p 00000000 103:03 10772530                  /usr/lib/x86_64-linux-gnu/libelf-0.194.so
7ac99a2c0000-7ac99a2d7000 r-xp 00004000 103:03 10772530                  /usr/lib/x86_64-linux-gnu/libelf-0.194.so
7ac99a2d7000-7ac99a2db000 r--p 0001b000 103:03 10772530                  /usr/lib/x86_64-linux-gnu/libelf-0.194.so
7ac99a2db000-7ac99a2dc000 r--p 0001f000 103:03 10772530                  /usr/lib/x86_64-linux-gnu/libelf-0.194.so
7ac99a2dc000-7ac99a2dd000 rw-p 00020000 103:03 10772530                  /usr/lib/x86_64-linux-gnu/libelf-0.194.so
7ac99a2dd000-7ac99abff000 rw-p 00000000 00:00 0 
7ac99abff000-7ac99b400000 rw-p 00000000 00:00 0 
7ac99b400000-7ac99b714000 r--p 00000000 103:03 10750078                  /usr/lib/x86_64-linux-gnu/libnvidia-gpucomp.so.595.71.05
7ac99b714000-7ac99f642000 r-xp 00314000 103:03 10750078                  /usr/lib/x86_64-linux-gnu/libnvidia-gpucomp.so.595.71.05
7ac99f642000-7ac9a0a71000 r--p 04242000 103:03 10750078                  /usr/lib/x86_64-linux-gnu/libnvidia-gpucomp.so.595.71.05
7ac9a0a71000-7ac9a0a72000 ---p 05671000 103:03 10750078                  /usr/lib/x86_64-linux-gnu/libnvidia-gpucomp.so.595.71.05
7ac9a0a72000-7ac9a0c7e000 r--p 05671000 103:03 10750078                  /usr/lib/x86_64-linux-gnu/libnvidia-gpucomp.so.595.71.05
7ac9a0c7e000-7ac9a0db8000 rw-p 0587d000 103:03 10750078                  /usr/lib/x86_64-linux-gnu/libnvidia-gpucomp.so.595.71.05
7ac9a0db8000-7ac9a0e64000 rw-p 00000000 00:00 0 
7ac9a0e64000-7ac9a0e65000 r--p 00000000 103:03 10773120                  /usr/lib/x86_64-linux-gnu/libxshmfence.so.1.0.0
7ac9a0e65000-7ac9a0e66000 r-xp 00001000 103:03 10773120                  /usr/lib/x86_64-linux-gnu/libxshmfence.so.1.0.0
7ac9a0e66000-7ac9a0e67000 r--p 00002000 103:03 10773120                  /usr/lib/x86_64-linux-gnu/libxshmfence.so.1.0.0
7ac9a0e67000-7ac9a0e68000 r--p 00002000 103:03 10773120                  /usr/lib/x86_64-linux-gnu/libxshmfence.so.1.0.0
7ac9a0e68000-7ac9a0e69000 rw-p 00003000 103:03 10773120                  /usr/lib/x86_64-linux-gnu/libxshmfence.so.1.0.0
7ac9a0e69000-7ac9a0e6c000 r--p 00000000 103:03 10773110                  /usr/lib/x86_64-linux-gnu/libxcb-sync.so.1.0.0
7ac9a0e6c000-7ac9a0e6f000 r-xp 00003000 103:03 10773110                  /usr/lib/x86_64-linux-gnu/libxcb-sync.so.1.0.0
7ac9a0e6f000-7ac9a0e70000 r--p 00006000 103:03 10773110                  /usr/lib/x86_64-linux-gnu/libxcb-sync.so.1.0.0
7ac9a0e70000-7ac9a0e71000 r--p 00007000 103:03 10773110                  /usr/lib/x86_64-linux-gnu/libxcb-sync.so.1.0.0
7ac9a0e71000-7ac9a0e72000 rw-p 00008000 103:03 10773110                  /usr/lib/x86_64-linux-gnu/libxcb-sync.so.1.0.0
7ac9a0e72000-7ac9a0e75000 r--p 00000000 103:03 10772956                  /usr/lib/x86_64-linux-gnu/libsensors.so.5.0.0
7ac9a0e75000-7ac9a0e7d000 r-xp 00003000 103:03 10772956                  /usr/lib/x86_64-linux-gnu/libsensors.so.5.0.0
7ac9a0e7d000-7ac9a0e81000 r--p 0000b000 103:03 10772956                  /usr/lib/x86_64-linux-gnu/libsensors.so.5.0.0
7ac9a0e81000-7ac9a0e82000 r--p 0000f000 103:03 10772956                  /usr/lib/x86_64-linux-gnu/libsensors.so.5.0.0
7ac9a0e82000-7ac9a0e83000 rw-p 00010000 103:03 10772956                  /usr/lib/x86_64-linux-gnu/libsensors.so.5.0.0
7ac9a0e83000-7ac9a0e87000 r--p 00000000 103:03 10773127                  /usr/lib/x86_64-linux-gnu/libzstd.so.1.5.7
7ac9a0e87000-7ac9a0f37000 r-xp 00004000 103:03 10773127                  /usr/lib/x86_64-linux-gnu/libzstd.so.1.5.7
7ac9a0f37000-7ac9a0f44000 r--p 000b4000 103:03 10773127                  /usr/lib/x86_64-linux-gnu/libzstd.so.1.5.7
7ac9a0f44000-7ac9a0f45000 r--p 000c1000 103:03 10773127                  /usr/lib/x86_64-linux-gnu/libzstd.so.1.5.7
7ac9a0f45000-7ac9a0f46000 rw-p 000c2000 103:03 10773127                  /usr/lib/x86_64-linux-gnu/libzstd.so.1.5.7
7ac9a0f46000-7ac9a0f49000 r--p 00000000 103:03 10773112                  /usr/lib/x86_64-linux-gnu/libxcb-xfixes.so.0.0.0
7ac9a0f49000-7ac9a0f4c000 r-xp 00003000 103:03 10773112                  /usr/lib/x86_64-linux-gnu/libxcb-xfixes.so.0.0.0
7ac9a0f4c000-7ac9a0f4e000 r--p 00006000 103:03 10773112                  /usr/lib/x86_64-linux-gnu/libxcb-xfixes.so.0.0.0
7ac9a0f4e000-7ac9a0f4f000 r--p 00007000 103:03 10773112                  /usr/lib/x86_64-linux-gnu/libxcb-xfixes.so.0.0.0
7ac9a0f4f000-7ac9a0f50000 rw-p 00008000 103:03 10773112                  /usr/lib/x86_64-linux-gnu/libxcb-xfixes.so.0.0.0
7ac9a0f50000-7ac9a0f57000 r--p 00000000 103:03 10773105                  /usr/lib/x86_64-linux-gnu/libxcb-randr.so.0.1.0
7ac9a0f57000-7ac9a0f5c000 r-xp 00007000 103:03 10773105                  /usr/lib/x86_64-linux-gnu/libxcb-randr.so.0.1.0
7ac9a0f5c000-7ac9a0f5f000 r--p 0000c000 103:03 10773105                  /usr/lib/x86_64-linux-gnu/libxcb-randr.so.0.1.0
7ac9a0f5f000-7ac9a0f60000 r--p 0000f000 103:03 10773105                  /usr/lib/x86_64-linux-gnu/libxcb-randr.so.0.1.0
7ac9a0f60000-7ac9a0f61000 rw-p 00010000 103:03 10773105                  /usr/lib/x86_64-linux-gnu/libxcb-randr.so.0.1.0
7ac9a0f61000-7ac9a0f71000 r--p 00000000 103:03 10772241                  /usr/lib/x86_64-linux-gnu/libEGL_mesa.so.0.0.0
7ac9a0f71000-7ac9a0fac000 r-xp 00010000 103:03 10772241                  /usr/lib/x86_64-linux-gnu/libEGL_mesa.so.0.0.0
7ac9a0fac000-7ac9a0fbe000 r--p 0004b000 103:03 10772241                  /usr/lib/x86_64-linux-gnu/libEGL_mesa.so.0.0.0
7ac9a0fbe000-7ac9a0fca000 r--p 0005c000 103:03 10772241                  /usr/lib/x86_64-linux-gnu/libEGL_mesa.so.0.0.0
7ac9a0fca000-7ac9a0fcb000 rw-p 00068000 103:03 10772241                  /usr/lib/x86_64-linux-gnu/libEGL_mesa.so.0.0.0
7ac9a0fcb000-7ac9a0fcc000 rw-p 00000000 00:00 0 
7ac9a0fcc000-7ac9a0fcd000 r--p 00000000 103:03 10772258                  /usr/lib/x86_64-linux-gnu/libX11-xcb.so.1.0.0
7ac9a0fcd000-7ac9a0fce000 r-xp 00001000 103:03 10772258                  /usr/lib/x86_64-linux-gnu/libX11-xcb.so.1.0.0
7ac9a0fce000-7ac9a0fcf000 r--p 00002000 103:03 10772258                  /usr/lib/x86_64-linux-gnu/libX11-xcb.so.1.0.0
7ac9a0fcf000-7ac9a0fd0000 r--p 00002000 103:03 10772258                  /usr/lib/x86_64-linux-gnu/libX11-xcb.so.1.0.0
7ac9a0fd0000-7ac9a0fd1000 rw-p 00003000 103:03 10772258                  /usr/lib/x86_64-linux-gnu/libX11-xcb.so.1.0.0
7ac9a0fe5000-7ac9a0fe7000 r--p 00000000 103:03 10773102                  /usr/lib/x86_64-linux-gnu/libxcb-dri3.so.0.1.0
7ac9a0fe7000-7ac9a0fe9000 r-xp 00002000 103:03 10773102                  /usr/lib/x86_64-linux-gnu/libxcb-dri3.so.0.1.0
7ac9a0fe9000-7ac9a0fea000 r--p 00004000 103:03 10773102                  /usr/lib/x86_64-linux-gnu/libxcb-dri3.so.0.1.0
7ac9a0fea000-7ac9a0feb000 r--p 00004000 103:03 10773102                  /usr/lib/x86_64-linux-gnu/libxcb-dri3.so.0.1.0
7ac9a0feb000-7ac9a0fec000 rw-p 00005000 103:03 10773102                  /usr/lib/x86_64-linux-gnu/libxcb-dri3.so.0.1.0
7ac9a1000000-7ac9a1239000 r--p 00000000 103:03 10750074                  /usr/lib/x86_64-linux-gnu/libnvidia-eglcore.so.595.71.05
7ac9a1239000-7ac9a1ecb000 r-xp 00239000 103:03 10750074                  /usr/lib/x86_64-linux-gnu/libnvidia-eglcore.so.595.71.05
7ac9a1ecb000-7ac9a325a000 r--p 00ecb000 103:03 10750074                  /usr/lib/x86_64-linux-gnu/libnvidia-eglcore.so.595.71.05
7ac9a325a000-7ac9a33cf000 r--p 02259000 103:03 10750074                  /usr/lib/x86_64-linux-gnu/libnvidia-eglcore.so.595.71.05
7ac9a33cf000-7ac9a3422000 rw-p 023ce000 103:03 10750074                  /usr/lib/x86_64-linux-gnu/libnvidia-eglcore.so.595.71.05
7ac9a3422000-7ac9a3439000 rw-p 00000000 00:00 0 
7ac9a3470000-7ac9a3475000 r--p 00000000 103:03 10772506                  /usr/lib/x86_64-linux-gnu/libdrm.so.2.131.0
7ac9a3475000-7ac9a3481000 r-xp 00005000 103:03 10772506                  /usr/lib/x86_64-linux-gnu/libdrm.so.2.131.0
7ac9a3481000-7ac9a3485000 r--p 00011000 103:03 10772506                  /usr/lib/x86_64-linux-gnu/libdrm.so.2.131.0
7ac9a3485000-7ac9a3486000 r--p 00015000 103:03 10772506                  /usr/lib/x86_64-linux-gnu/libdrm.so.2.131.0
7ac9a3486000-7ac9a3487000 rw-p 00016000 103:03 10772506                  /usr/lib/x86_64-linux-gnu/libdrm.so.2.131.0
7ac9a349d000-7ac9a34ad000 r--p 00000000 103:03 10750076                  /usr/lib/x86_64-linux-gnu/libnvidia-glsi.so.595.71.05
7ac9a34ad000-7ac9a350d000 r-xp 00010000 103:03 10750076                  /usr/lib/x86_64-linux-gnu/libnvidia-glsi.so.595.71.05
7ac9a350d000-7ac9a352a000 r--p 00070000 103:03 10750076                  /usr/lib/x86_64-linux-gnu/libnvidia-glsi.so.595.71.05
7ac9a352a000-7ac9a3530000 r--p 0008c000 103:03 10750076                  /usr/lib/x86_64-linux-gnu/libnvidia-glsi.so.595.71.05
7ac9a3530000-7ac9a3531000 rw-p 00092000 103:03 10750076                  /usr/lib/x86_64-linux-gnu/libnvidia-glsi.so.595.71.05
7ac9a3531000-7ac9a3539000 rw-p 00000000 00:00 0 
7ac9a3539000-7ac9a356d000 r--p 00000000 103:03 10750065                  /usr/lib/x86_64-linux-gnu/libEGL_nvidia.so.595.71.05
7ac9a356d000-7ac9a3603000 r-xp 00034000 103:03 10750065                  /usr/lib/x86_64-linux-gnu/libEGL_nvidia.so.595.71.05
7ac9a3603000-7ac9a3656000 r--p 000ca000 103:03 10750065                  /usr/lib/x86_64-linux-gnu/libEGL_nvidia.so.595.71.05
7ac9a3656000-7ac9a3657000 ---p 0011d000 103:03 10750065                  /usr/lib/x86_64-linux-gnu/libEGL_nvidia.so.595.71.05
7ac9a3657000-7ac9a365f000 r--p 0011d000 103:03 10750065                  /usr/lib/x86_64-linux-gnu/libEGL_nvidia.so.595.71.05
7ac9a365f000-7ac9a3675000 rw-p 00125000 103:03 10750065                  /usr/lib/x86_64-linux-gnu/libEGL_nvidia.so.595.71.05
7ac9a3675000-7ac9a367a000 rw-p 00000000 00:00 0 
7ac9a367a000-7ac9a36bb000 r--p 00000000 103:03 10772247                  /usr/lib/x86_64-linux-gnu/libGLdispatch.so.0.0.0
7ac9a36bb000-7ac9a36fa000 r-xp 00041000 103:03 10772247                  /usr/lib/x86_64-linux-gnu/libGLdispatch.so.0.0.0
7ac9a36fa000-7ac9a370e000 r--p 00080000 103:03 10772247                  /usr/lib/x86_64-linux-gnu/libGLdispatch.so.0.0.0
7ac9a370e000-7ac9a372a000 r--p 00093000 103:03 10772247                  /usr/lib/x86_64-linux-gnu/libGLdispatch.so.0.0.0
7ac9a372a000-7ac9a372b000 rw-p 000af000 103:03 10772247                  /usr/lib/x86_64-linux-gnu/libGLdispatch.so.0.0.0
7ac9a372b000-7ac9a3733000 rw-p 00000000 00:00 0 
7ac9a3733000-7ac9a3736000 r--p 00000000 103:03 10772240                  /usr/lib/x86_64-linux-gnu/libEGL.so.1.1.0
7ac9a3736000-7ac9a3740000 r-xp 00003000 103:03 10772240                  /usr/lib/x86_64-linux-gnu/libEGL.so.1.1.0
7ac9a3740000-7ac9a3744000 r--p 0000d000 103:03 10772240                  /usr/lib/x86_64-linux-gnu/libEGL.so.1.1.0
7ac9a3744000-7ac9a3745000 r--p 00010000 103:03 10772240                  /usr/lib/x86_64-linux-gnu/libEGL.so.1.1.0
7ac9a3745000-7ac9a3746000 rw-p 00011000 103:03 10772240                  /usr/lib/x86_64-linux-gnu/libEGL.so.1.1.0
7ac9a3746000-7ac9a3836000 rw-s 00000000 00:01 16500                      /memfd:wayland-cursor (deleted)
7ac9a3836000-7ac9a3906000 rw-s 00000000 00:01 16499                      /memfd:wayland-cursor (deleted)
7ac9a3906000-7ac9a3907000 r--p 00000000 103:03 10772260                  /usr/lib/x86_64-linux-gnu/libXRes.so.1.0.0
7ac9a3907000-7ac9a3909000 r-xp 00001000 103:03 10772260                  /usr/lib/x86_64-linux-gnu/libXRes.so.1.0.0
7ac9a3909000-7ac9a390a000 r--p 00003000 103:03 10772260                  /usr/lib/x86_64-linux-gnu/libXRes.so.1.0.0
7ac9a390a000-7ac9a390b000 r--p 00003000 103:03 10772260                  /usr/lib/x86_64-linux-gnu/libXRes.so.1.0.0
7ac9a390b000-7ac9a390c000 rw-p 00004000 103:03 10772260                  /usr/lib/x86_64-linux-gnu/libXRes.so.1.0.0
7ac9a390c000-7ac9a390f000 r--p 00000000 103:03 10772952                  /usr/lib/x86_64-linux-gnu/libseccomp.so.2.6.0
7ac9a390f000-7ac9a391f000 r-xp 00003000 103:03 10772952                  /usr/lib/x86_64-linux-gnu/libseccomp.so.2.6.0
7ac9a391f000-7ac9a3938000 r--p 00013000 103:03 10772952                  /usr/lib/x86_64-linux-gnu/libseccomp.so.2.6.0
7ac9a3938000-7ac9a3939000 r--p 0002c000 103:03 10772952                  /usr/lib/x86_64-linux-gnu/libseccomp.so.2.6.0
7ac9a3939000-7ac9a393a000 rw-p 0002d000 103:03 10772952                  /usr/lib/x86_64-linux-gnu/libseccomp.so.2.6.0
7ac9a393a000-7ac9a3944000 r--p 00000000 103:03 10748362                  /usr/lib/x86_64-linux-gnu/liblcms2.so.2.0.17
7ac9a3944000-7ac9a3988000 r-xp 0000a000 103:03 10748362                  /usr/lib/x86_64-linux-gnu/liblcms2.so.2.0.17
7ac9a3988000-7ac9a399b000 r--p 0004e000 103:03 10748362                  /usr/lib/x86_64-linux-gnu/liblcms2.so.2.0.17
7ac9a399b000-7ac9a399d000 r--p 00061000 103:03 10748362                  /usr/lib/x86_64-linux-gnu/liblcms2.so.2.0.17
7ac9a399d000-7ac9a39a0000 rw-p 00063000 103:03 10748362                  /usr/lib/x86_64-linux-gnu/liblcms2.so.2.0.17
7ac9a39a0000-7ac9a39a1000 rw-p 00000000 00:00 0 
7ac9a39a1000-7ac9a39a8000 r--p 00000000 103:03 10772426                  /usr/lib/x86_64-linux-gnu/libblkid.so.1.1.0
7ac9a39a8000-7ac9a39cd000 r-xp 00007000 103:03 10772426                  /usr/lib/x86_64-linux-gnu/libblkid.so.1.1.0
7ac9a39cd000-7ac9a39d6000 r--p 0002c000 103:03 10772426                  /usr/lib/x86_64-linux-gnu/libblkid.so.1.1.0
7ac9a39d6000-7ac9a39dc000 r--p 00034000 103:03 10772426                  /usr/lib/x86_64-linux-gnu/libblkid.so.1.1.0
7ac9a39dc000-7ac9a39dd000 rw-p 0003a000 103:03 10772426                  /usr/lib/x86_64-linux-gnu/libblkid.so.1.1.0
7ac9a39dd000-7ac9a39de000 r--p 00000000 103:03 10772431                  /usr/lib/x86_64-linux-gnu/libbrotlicommon.so.1.2.0
7ac9a39de000-7ac9a39df000 r-xp 00001000 103:03 10772431                  /usr/lib/x86_64-linux-gnu/libbrotlicommon.so.1.2.0
7ac9a39df000-7ac9a39fe000 r--p 00002000 103:03 10772431                  /usr/lib/x86_64-linux-gnu/libbrotlicommon.so.1.2.0
7ac9a39fe000-7ac9a39ff000 r--p 00021000 103:03 10772431                  /usr/lib/x86_64-linux-gnu/libbrotlicommon.so.1.2.0
7ac9a39ff000-7ac9a3a00000 rw-p 00022000 103:03 10772431                  /usr/lib/x86_64-linux-gnu/libbrotlicommon.so.1.2.0
7ac9a3a00000-7ac9a3a27000 r--p 00000000 103:03 10772598                  /usr/lib/x86_64-linux-gnu/libglycin-2.so.0
7ac9a3a27000-7ac9a3d3d000 r-xp 00027000 103:03 10772598                  /usr/lib/x86_64-linux-gnu/libglycin-2.so.0
7ac9a3d3d000-7ac9a3dd8000 r--p 0033d000 103:03 10772598                  /usr/lib/x86_64-linux-gnu/libglycin-2.so.0
7ac9a3dd8000-7ac9a3df1000 r--p 003d7000 103:03 10772598                  /usr/lib/x86_64-linux-gnu/libglycin-2.so.0
7ac9a3df1000-7ac9a3df4000 rw-p 003f0000 103:03 10772598                  /usr/lib/x86_64-linux-gnu/libglycin-2.so.0
7ac9a3df4000-7ac9a3df6000 r--p 00000000 103:03 10772481                  /usr/lib/x86_64-linux-gnu/libdatrie.so.1.4.1
7ac9a3df6000-7ac9a3dfa000 r-xp 00002000 103:03 10772481                  /usr/lib/x86_64-linux-gnu/libdatrie.so.1.4.1
7ac9a3dfa000-7ac9a3dfb000 r--p 00006000 103:03 10772481                  /usr/lib/x86_64-linux-gnu/libdatrie.so.1.4.1
7ac9a3dfb000-7ac9a3dfc000 r--p 00006000 103:03 10772481                  /usr/lib/x86_64-linux-gnu/libdatrie.so.1.4.1
7ac9a3dfc000-7ac9a3dfd000 rw-p 00007000 103:03 10772481                  /usr/lib/x86_64-linux-gnu/libdatrie.so.1.4.1
7ac9a3dfd000-7ac9a3e0e000 r--p 00000000 103:03 10772396                  /usr/lib/x86_64-linux-gnu/libatspi.so.0.0.1
7ac9a3e0e000-7ac9a3e2a000 r-xp 00011000 103:03 10772396                  /usr/lib/x86_64-linux-gnu/libatspi.so.0.0.1
7ac9a3e2a000-7ac9a3e38000 r--p 0002d000 103:03 10772396                  /usr/lib/x86_64-linux-gnu/libatspi.so.0.0.1
7ac9a3e38000-7ac9a3e3c000 r--p 0003a000 103:03 10772396                  /usr/lib/x86_64-linux-gnu/libatspi.so.0.0.1
7ac9a3e3c000-7ac9a3e3d000 rw-p 0003e000 103:03 10772396                  /usr/lib/x86_64-linux-gnu/libatspi.so.0.0.1
7ac9a3e3d000-7ac9a3e40000 r--p 00000000 103:03 10749976                  /usr/lib/x86_64-linux-gnu/libgraphite2.so.3.2.1
7ac9a3e40000-7ac9a3e5d000 r-xp 00003000 103:03 10749976                  /usr/lib/x86_64-linux-gnu/libgraphite2.so.3.2.1
7ac9a3e5d000-7ac9a3e60000 r--p 00020000 103:03 10749976                  /usr/lib/x86_64-linux-gnu/libgraphite2.so.3.2.1
7ac9a3e60000-7ac9a3e62000 r--p 00022000 103:03 10749976                  /usr/lib/x86_64-linux-gnu/libgraphite2.so.3.2.1
7ac9a3e62000-7ac9a3e63000 rw-p 00024000 103:03 10749976                  /usr/lib/x86_64-linux-gnu/libgraphite2.so.3.2.1
7ac9a3e63000-7ac9a3e65000 r--p 00000000 103:03 10773007                  /usr/lib/x86_64-linux-gnu/libthai.so.0.3.2
7ac9a3e65000-7ac9a3e6a000 r-xp 00002000 103:03 10773007                  /usr/lib/x86_64-linux-gnu/libthai.so.0.3.2
7ac9a3e6a000-7ac9a3e6d000 r--p 00007000 103:03 10773007                  /usr/lib/x86_64-linux-gnu/libthai.so.0.3.2
7ac9a3e6d000-7ac9a3e6e000 r--p 00009000 103:03 10773007                  /usr/lib/x86_64-linux-gnu/libthai.so.0.3.2
7ac9a3e6e000-7ac9a3e6f000 rw-p 0000a000 103:03 10773007                  /usr/lib/x86_64-linux-gnu/libthai.so.0.3.2
7ac9a3e6f000-7ac9a3e76000 r--p 00000000 103:03 10772954                  /usr/lib/x86_64-linux-gnu/libselinux.so.1
7ac9a3e76000-7ac9a3e97000 r-xp 00007000 103:03 10772954                  /usr/lib/x86_64-linux-gnu/libselinux.so.1
7ac9a3e97000-7ac9a3e9e000 r--p 00028000 103:03 10772954                  /usr/lib/x86_64-linux-gnu/libselinux.so.1
7ac9a3e9e000-7ac9a3e9f000 r--p 0002f000 103:03 10772954                  /usr/lib/x86_64-linux-gnu/libselinux.so.1
7ac9a3e9f000-7ac9a3ea0000 rw-p 00030000 103:03 10772954                  /usr/lib/x86_64-linux-gnu/libselinux.so.1
7ac9a3ea0000-7ac9a3ea2000 rw-p 00000000 00:00 0 
7ac9a3ea2000-7ac9a3eac000 r--p 00000000 103:03 10772780                  /usr/lib/x86_64-linux-gnu/libmount.so.1.1.0
7ac9a3eac000-7ac9a3ee4000 r-xp 0000a000 103:03 10772780                  /usr/lib/x86_64-linux-gnu/libmount.so.1.1.0
7ac9a3ee4000-7ac9a3ef2000 r--p 00042000 103:03 10772780                  /usr/lib/x86_64-linux-gnu/libmount.so.1.1.0
7ac9a3ef2000-7ac9a3ef4000 r--p 00050000 103:03 10772780                  /usr/lib/x86_64-linux-gnu/libmount.so.1.1.0
7ac9a3ef4000-7ac9a3ef5000 rw-p 00052000 103:03 10772780                  /usr/lib/x86_64-linux-gnu/libmount.so.1.1.0
7ac9a3ef5000-7ac9a3ef7000 r--p 00000000 103:03 10772266                  /usr/lib/x86_64-linux-gnu/libXdmcp.so.6.0.0
7ac9a3ef7000-7ac9a3ef9000 r-xp 00002000 103:03 10772266                  /usr/lib/x86_64-linux-gnu/libXdmcp.so.6.0.0
7ac9a3ef9000-7ac9a3efb000 r--p 00004000 103:03 10772266                  /usr/lib/x86_64-linux-gnu/libXdmcp.so.6.0.0
7ac9a3efb000-7ac9a3efc000 r--p 00005000 103:03 10772266                  /usr/lib/x86_64-linux-gnu/libXdmcp.so.6.0.0
7ac9a3efc000-7ac9a3efd000 rw-p 00006000 103:03 10772266                  /usr/lib/x86_64-linux-gnu/libXdmcp.so.6.0.0
7ac9a3efd000-7ac9a3efe000 r--p 00000000 103:03 10772261                  /usr/lib/x86_64-linux-gnu/libXau.so.6.0.0
7ac9a3efe000-7ac9a3f00000 r-xp 00001000 103:03 10772261                  /usr/lib/x86_64-linux-gnu/libXau.so.6.0.0
7ac9a3f00000-7ac9a3f01000 r--p 00003000 103:03 10772261                  /usr/lib/x86_64-linux-gnu/libXau.so.6.0.0
7ac9a3f01000-7ac9a3f02000 r--p 00003000 103:03 10772261                  /usr/lib/x86_64-linux-gnu/libXau.so.6.0.0
7ac9a3f02000-7ac9a3f03000 rw-p 00004000 103:03 10772261                  /usr/lib/x86_64-linux-gnu/libXau.so.6.0.0
7ac9a3f03000-7ac9a3f04000 r--p 00000000 103:03 10772432                  /usr/lib/x86_64-linux-gnu/libbrotlidec.so.1.2.0
7ac9a3f04000-7ac9a3f0d000 r-xp 00001000 103:03 10772432                  /usr/lib/x86_64-linux-gnu/libbrotlidec.so.1.2.0
7ac9a3f0d000-7ac9a3f10000 r--p 0000a000 103:03 10772432                  /usr/lib/x86_64-linux-gnu/libbrotlidec.so.1.2.0
7ac9a3f10000-7ac9a3f11000 r--p 0000c000 103:03 10772432                  /usr/lib/x86_64-linux-gnu/libbrotlidec.so.1.2.0
7ac9a3f11000-7ac9a3f12000 rw-p 0000d000 103:03 10772432                  /usr/lib/x86_64-linux-gnu/libbrotlidec.so.1.2.0
7ac9a3f12000-7ac9a3f14000 r--p 00000000 103:03 10772436                  /usr/lib/x86_64-linux-gnu/libbz2.so.1.0.4
7ac9a3f14000-7ac9a3f23000 r-xp 00002000 103:03 10772436                  /usr/lib/x86_64-linux-gnu/libbz2.so.1.0.4
7ac9a3f23000-7ac9a3f25000 r--p 00011000 103:03 10772436                  /usr/lib/x86_64-linux-gnu/libbz2.so.1.0.4
7ac9a3f25000-7ac9a3f26000 r--p 00012000 103:03 10772436                  /usr/lib/x86_64-linux-gnu/libbz2.so.1.0.4
7ac9a3f26000-7ac9a3f27000 rw-p 00013000 103:03 10772436                  /usr/lib/x86_64-linux-gnu/libbz2.so.1.0.4
7ac9a3f27000-7ac9a3f2b000 r--p 00000000 103:03 10772539                  /usr/lib/x86_64-linux-gnu/libexpat.so.1.11.2
7ac9a3f2b000-7ac9a3f49000 r-xp 00004000 103:03 10772539                  /usr/lib/x86_64-linux-gnu/libexpat.so.1.11.2
7ac9a3f49000-7ac9a3f51000 r--p 00022000 103:03 10772539                  /usr/lib/x86_64-linux-gnu/libexpat.so.1.11.2
7ac9a3f51000-7ac9a3f53000 r--p 0002a000 103:03 10772539                  /usr/lib/x86_64-linux-gnu/libexpat.so.1.11.2
7ac9a3f53000-7ac9a3f54000 rw-p 0002c000 103:03 10772539                  /usr/lib/x86_64-linux-gnu/libexpat.so.1.11.2
7ac9a3f54000-7ac9a3f57000 r--p 00000000 103:03 10772878                  /usr/lib/x86_64-linux-gnu/libpcre2-8.so.0.14.0
7ac9a3f57000-7ac9a3fd3000 r-xp 00003000 103:03 10772878                  /usr/lib/x86_64-linux-gnu/libpcre2-8.so.0.14.0
7ac9a3fd3000-7ac9a3ffe000 r--p 0007f000 103:03 10772878                  /usr/lib/x86_64-linux-gnu/libpcre2-8.so.0.14.0
7ac9a3ffe000-7ac9a3fff000 r--p 000a9000 103:03 10772878                  /usr/lib/x86_64-linux-gnu/libpcre2-8.so.0.14.0
7ac9a3fff000-7ac9a4000000 rw-p 000aa000 103:03 10772878                  /usr/lib/x86_64-linux-gnu/libpcre2-8.so.0.14.0
7ac9a4000000-7ac9a40f2000 rw-p 00000000 00:00 0 
7ac9a40f2000-7ac9a8000000 ---p 00000000 00:00 0 
7ac9a8000000-7ac9a8056000 rw-p 00000000 00:00 0 
7ac9a8056000-7ac9ac000000 ---p 00000000 00:00 0 
7ac9ac000000-7ac9ac021000 rw-p 00000000 00:00 0 
7ac9ac021000-7ac9b0000000 ---p 00000000 00:00 0 
7ac9b0000000-7ac9b0021000 rw-p 00000000 00:00 0 
7ac9b0021000-7ac9b4000000 ---p 00000000 00:00 0 
7ac9b4000000-7ac9b495f000 rw-p 00000000 00:00 0 
7ac9b495f000-7ac9b8000000 ---p 00000000 00:00 0 
7ac9b8000000-7ac9b80f9000 rw-p 00000000 00:00 0 
7ac9b80f9000-7ac9bc000000 ---p 00000000 00:00 0 
7ac9bc000000-7ac9bc021000 rw-p 00000000 00:00 0 
7ac9bc021000-7ac9c0000000 ---p 00000000 00:00 0 
7ac9c0000000-7ac9c0021000 rw-p 00000000 00:00 0 
7ac9c0021000-7ac9c4000000 ---p 00000000 00:00 0 
7ac9c4000000-7ac9c4021000 rw-p 00000000 00:00 0 
7ac9c4021000-7ac9c8000000 ---p 00000000 00:00 0 
7ac9c8000000-7ac9c8021000 rw-p 00000000 00:00 0 
7ac9c8021000-7ac9cc000000 ---p 00000000 00:00 0 
7ac9cc000000-7ac9cc951000 rw-p 00000000 00:00 0 
7ac9cc951000-7ac9d0000000 ---p 00000000 00:00 0 
7ac9d0000000-7ac9d0021000 rw-p 00000000 00:00 0 
7ac9d0021000-7ac9d4000000 ---p 00000000 00:00 0 
7ac9d4000000-7ac9d41c0000 rw-p 00000000 00:00 0 
7ac9d41c0000-7ac9d4400000 ---p 00000000 00:00 0 
7ac9d4400000-7ac9d4520000 rw-p 00000000 00:00 0 
7ac9d4520000-7ac9d4560000 rw-p 00000000 00:00 0 
7ac9d4560000-7ac9d4850000 rw-p 00000000 00:00 0 
7ac9d4850000-7ac9d8000000 ---p 00000000 00:00 0 
7ac9d8000000-7ac9d8021000 rw-p 00000000 00:00 0 
7ac9d8021000-7ac9dc000000 ---p 00000000 00:00 0 
7ac9dc003000-7ac9dc005000 r--p 00000000 103:03 10772394                  /usr/lib/x86_64-linux-gnu/libatomic.so.1.2.0
7ac9dc005000-7ac9dc009000 r-xp 00002000 103:03 10772394                  /usr/lib/x86_64-linux-gnu/libatomic.so.1.2.0
7ac9dc009000-7ac9dc00b000 r--p 00006000 103:03 10772394                  /usr/lib/x86_64-linux-gnu/libatomic.so.1.2.0
7ac9dc00b000-7ac9dc00c000 r--p 00007000 103:03 10772394                  /usr/lib/x86_64-linux-gnu/libatomic.so.1.2.0
7ac9dc00c000-7ac9dc00d000 rw-p 00008000 103:03 10772394                  /usr/lib/x86_64-linux-gnu/libatomic.so.1.2.0
7ac9dc00d000-7ac9dc00e000 rw-p 00000000 00:00 0 
7ac9dc00e000-7ac9dc010000 r--p 00000000 103:03 10772276                  /usr/lib/x86_64-linux-gnu/libXrandr.so.2.2.0
7ac9dc010000-7ac9dc017000 r-xp 00002000 103:03 10772276                  /usr/lib/x86_64-linux-gnu/libXrandr.so.2.2.0
7ac9dc017000-7ac9dc019000 r--p 00009000 103:03 10772276                  /usr/lib/x86_64-linux-gnu/libXrandr.so.2.2.0
7ac9dc019000-7ac9dc01a000 r--p 0000a000 103:03 10772276                  /usr/lib/x86_64-linux-gnu/libXrandr.so.2.2.0
7ac9dc01a000-7ac9dc01b000 rw-p 0000b000 103:03 10772276                  /usr/lib/x86_64-linux-gnu/libXrandr.so.2.2.0
7ac9dc01b000-7ac9dc01e000 r--p 00000000 103:03 10772264                  /usr/lib/x86_64-linux-gnu/libXcursor.so.1.0.2
7ac9dc01e000-7ac9dc024000 r-xp 00003000 103:03 10772264                  /usr/lib/x86_64-linux-gnu/libXcursor.so.1.0.2
7ac9dc024000-7ac9dc026000 r--p 00009000 103:03 10772264                  /usr/lib/x86_64-linux-gnu/libXcursor.so.1.0.2
7ac9dc026000-7ac9dc027000 r--p 0000a000 103:03 10772264                  /usr/lib/x86_64-linux-gnu/libXcursor.so.1.0.2
7ac9dc027000-7ac9dc028000 rw-p 0000b000 103:03 10772264                  /usr/lib/x86_64-linux-gnu/libXcursor.so.1.0.2
7ac9dc028000-7ac9dc034000 r--p 00000000 103:03 10772393                  /usr/lib/x86_64-linux-gnu/libatk-bridge-2.0.so.0.0.0
7ac9dc034000-7ac9dc04f000 r-xp 0000c000 103:03 10772393                  /usr/lib/x86_64-linux-gnu/libatk-bridge-2.0.so.0.0.0
7ac9dc04f000-7ac9dc063000 r--p 00027000 103:03 10772393                  /usr/lib/x86_64-linux-gnu/libatk-bridge-2.0.so.0.0.0
7ac9dc063000-7ac9dc064000 r--p 0003b000 103:03 10772393                  /usr/lib/x86_64-linux-gnu/libatk-bridge-2.0.so.0.0.0
7ac9dc064000-7ac9dc066000 rw-p 0003c000 103:03 10772393                  /usr/lib/x86_64-linux-gnu/libatk-bridge-2.0.so.0.0.0
7ac9dc066000-7ac9dc069000 r--p 00000000 103:03 10772271                  /usr/lib/x86_64-linux-gnu/libXi.so.6.1.0
7ac9dc069000-7ac9dc076000 r-xp 00003000 103:03 10772271                  /usr/lib/x86_64-linux-gnu/libXi.so.6.1.0
7ac9dc076000-7ac9dc078000 r--p 00010000 103:03 10772271                  /usr/lib/x86_64-linux-gnu/libXi.so.6.1.0
7ac9dc078000-7ac9dc079000 r--p 00012000 103:03 10772271                  /usr/lib/x86_64-linux-gnu/libXi.so.6.1.0
7ac9dc079000-7ac9dc07a000 rw-p 00013000 103:03 10772271                  /usr/lib/x86_64-linux-gnu/libXi.so.6.1.0
7ac9dc07a000-7ac9dc0da000 r--p 00000000 103:03 10772532                  /usr/lib/x86_64-linux-gnu/libepoxy.so.0.0.0
7ac9dc0da000-7ac9dc147000 r-xp 00060000 103:03 10772532                  /usr/lib/x86_64-linux-gnu/libepoxy.so.0.0.0
7ac9dc147000-7ac9dc18c000 r--p 000cd000 103:03 10772532                  /usr/lib/x86_64-linux-gnu/libepoxy.so.0.0.0
7ac9dc18c000-7ac9dc194000 r--p 00112000 103:03 10772532                  /usr/lib/x86_64-linux-gnu/libepoxy.so.0.0.0
7ac9dc194000-7ac9dc19b000 rw-p 0011a000 103:03 10772532                  /usr/lib/x86_64-linux-gnu/libepoxy.so.0.0.0
7ac9dc19b000-7ac9dc1a6000 r--p 00000000 103:03 10772392                  /usr/lib/x86_64-linux-gnu/libatk-1.0.so.0.26009.1
7ac9dc1a6000-7ac9dc1b6000 r-xp 0000b000 103:03 10772392                  /usr/lib/x86_64-linux-gnu/libatk-1.0.so.0.26009.1
7ac9dc1b6000-7ac9dc1c1000 r--p 0001b000 103:03 10772392                  /usr/lib/x86_64-linux-gnu/libatk-1.0.so.0.26009.1
7ac9dc1c1000-7ac9dc1c4000 r--p 00026000 103:03 10772392                  /usr/lib/x86_64-linux-gnu/libatk-1.0.so.0.26009.1
7ac9dc1c4000-7ac9dc1c5000 rw-p 00029000 103:03 10772392                  /usr/lib/x86_64-linux-gnu/libatk-1.0.so.0.26009.1
7ac9dc1c5000-7ac9dc1ce000 r--p 00000000 103:03 10772586                  /usr/lib/x86_64-linux-gnu/libgdk_pixbuf-2.0.so.0.4400.5
7ac9dc1ce000-7ac9dc1ec000 r-xp 00009000 103:03 10772586                  /usr/lib/x86_64-linux-gnu/libgdk_pixbuf-2.0.so.0.4400.5
7ac9dc1ec000-7ac9dc1f8000 r--p 00027000 103:03 10772586                  /usr/lib/x86_64-linux-gnu/libgdk_pixbuf-2.0.so.0.4400.5
7ac9dc1f8000-7ac9dc1fa000 r--p 00032000 103:03 10772586                  /usr/lib/x86_64-linux-gnu/libgdk_pixbuf-2.0.so.0.4400.5
7ac9dc1fa000-7ac9dc1fb000 rw-p 00034000 103:03 10772586                  /usr/lib/x86_64-linux-gnu/libgdk_pixbuf-2.0.so.0.4400.5
7ac9dc1fb000-7ac9dc1ff000 r--p 00000000 103:03 10772444                  /usr/lib/x86_64-linux-gnu/libcairo-gobject.so.2.11804.4
7ac9dc1ff000-7ac9dc201000 r-xp 00004000 103:03 10772444                  /usr/lib/x86_64-linux-gnu/libcairo-gobject.so.2.11804.4
7ac9dc201000-7ac9dc204000 r--p 00006000 103:03 10772444                  /usr/lib/x86_64-linux-gnu/libcairo-gobject.so.2.11804.4
7ac9dc204000-7ac9dc206000 r--p 00008000 103:03 10772444                  /usr/lib/x86_64-linux-gnu/libcairo-gobject.so.2.11804.4
7ac9dc206000-7ac9dc207000 rw-p 0000a000 103:03 10772444                  /usr/lib/x86_64-linux-gnu/libcairo-gobject.so.2.11804.4
7ac9dc207000-7ac9dc209000 r--p 00000000 103:03 10772565                  /usr/lib/x86_64-linux-gnu/libfribidi.so.0.4.0
7ac9dc209000-7ac9dc20d000 r-xp 00002000 103:03 10772565                  /usr/lib/x86_64-linux-gnu/libfribidi.so.0.4.0
7ac9dc20d000-7ac9dc224000 r--p 00006000 103:03 10772565                  /usr/lib/x86_64-linux-gnu/libfribidi.so.0.4.0
7ac9dc224000-7ac9dc225000 r--p 0001c000 103:03 10772565                  /usr/lib/x86_64-linux-gnu/libfribidi.so.0.4.0
7ac9dc225000-7ac9dc226000 rw-p 0001d000 103:03 10772565                  /usr/lib/x86_64-linux-gnu/libfribidi.so.0.4.0
7ac9dc226000-7ac9dc22e000 r--p 00000000 103:03 10772867                  /usr/lib/x86_64-linux-gnu/libpangoft2-1.0.so.0.5700.0
7ac9dc22e000-7ac9dc23f000 r-xp 00008000 103:03 10772867                  /usr/lib/x86_64-linux-gnu/libpangoft2-1.0.so.0.5700.0
7ac9dc23f000-7ac9dc244000 r--p 00019000 103:03 10772867                  /usr/lib/x86_64-linux-gnu/libpangoft2-1.0.so.0.5700.0
7ac9dc244000-7ac9dc245000 r--p 0001e000 103:03 10772867                  /usr/lib/x86_64-linux-gnu/libpangoft2-1.0.so.0.5700.0
7ac9dc245000-7ac9dc246000 rw-p 0001f000 103:03 10772867                  /usr/lib/x86_64-linux-gnu/libpangoft2-1.0.so.0.5700.0
7ac9dc246000-7ac9dc252000 r--p 00000000 103:03 10772670                  /usr/lib/x86_64-linux-gnu/libharfbuzz.so.0.61232.0
7ac9dc252000-7ac9dc33e000 r-xp 0000c000 103:03 10772670                  /usr/lib/x86_64-linux-gnu/libharfbuzz.so.0.61232.0
7ac9dc33e000-7ac9dc36f000 r--p 000f8000 103:03 10772670                  /usr/lib/x86_64-linux-gnu/libharfbuzz.so.0.61232.0
7ac9dc36f000-7ac9dc370000 r--p 00128000 103:03 10772670                  /usr/lib/x86_64-linux-gnu/libharfbuzz.so.0.61232.0
7ac9dc370000-7ac9dc371000 rw-p 00129000 103:03 10772670                  /usr/lib/x86_64-linux-gnu/libharfbuzz.so.0.61232.0
7ac9dc371000-7ac9dc384000 r--p 00000000 103:03 10772865                  /usr/lib/x86_64-linux-gnu/libpango-1.0.so.0.5700.0
7ac9dc384000-7ac9dc3c3000 r-xp 00013000 103:03 10772865                  /usr/lib/x86_64-linux-gnu/libpango-1.0.so.0.5700.0
7ac9dc3c3000-7ac9dc3dd000 r--p 00052000 103:03 10772865                  /usr/lib/x86_64-linux-gnu/libpango-1.0.so.0.5700.0
7ac9dc3dd000-7ac9dc3e1000 r--p 0006b000 103:03 10772865                  /usr/lib/x86_64-linux-gnu/libpango-1.0.so.0.5700.0
7ac9dc3e1000-7ac9dc3e2000 rw-p 0006f000 103:03 10772865                  /usr/lib/x86_64-linux-gnu/libpango-1.0.so.0.5700.0
7ac9dc3e2000-7ac9dc3e7000 r--p 00000000 103:03 10772866                  /usr/lib/x86_64-linux-gnu/libpangocairo-1.0.so.0.5700.0
7ac9dc3e7000-7ac9dc3ef000 r-xp 00005000 103:03 10772866                  /usr/lib/x86_64-linux-gnu/libpangocairo-1.0.so.0.5700.0
7ac9dc3ef000-7ac9dc3f1000 r--p 0000d000 103:03 10772866                  /usr/lib/x86_64-linux-gnu/libpangocairo-1.0.so.0.5700.0
7ac9dc3f1000-7ac9dc3f2000 r--p 0000f000 103:03 10772866                  /usr/lib/x86_64-linux-gnu/libpangocairo-1.0.so.0.5700.0
7ac9dc3f2000-7ac9dc3f3000 rw-p 00010000 103:03 10772866                  /usr/lib/x86_64-linux-gnu/libpangocairo-1.0.so.0.5700.0
7ac9dc3f3000-7ac9dc430000 r--p 00000000 103:03 10772593                  /usr/lib/x86_64-linux-gnu/libgio-2.0.so.0.8800.0
7ac9dc430000-7ac9dc54e000 r-xp 0003d000 103:03 10772593                  /usr/lib/x86_64-linux-gnu/libgio-2.0.so.0.8800.0
7ac9dc54e000-7ac9dc5c4000 r--p 0015b000 103:03 10772593                  /usr/lib/x86_64-linux-gnu/libgio-2.0.so.0.8800.0
7ac9dc5c4000-7ac9dc5cd000 r--p 001d0000 103:03 10772593                  /usr/lib/x86_64-linux-gnu/libgio-2.0.so.0.8800.0
7ac9dc5cd000-7ac9dc5ce000 rw-p 001d9000 103:03 10772593                  /usr/lib/x86_64-linux-gnu/libgio-2.0.so.0.8800.0
7ac9dc5ce000-7ac9dc5d0000 rw-p 00000000 00:00 0 
7ac9dc5d0000-7ac9dc5e9000 r--p 00000000 103:03 10772998                  /usr/lib/x86_64-linux-gnu/libsystemd.so.0.42.0
7ac9dc5e9000-7ac9dc6a0000 r-xp 00019000 103:03 10772998                  /usr/lib/x86_64-linux-gnu/libsystemd.so.0.42.0
7ac9dc6a0000-7ac9dc6da000 r--p 000d0000 103:03 10772998                  /usr/lib/x86_64-linux-gnu/libsystemd.so.0.42.0
7ac9dc6da000-7ac9dc6e2000 r--p 0010a000 103:03 10772998                  /usr/lib/x86_64-linux-gnu/libsystemd.so.0.42.0
7ac9dc6e2000-7ac9dc6e3000 rw-p 00112000 103:03 10772998                  /usr/lib/x86_64-linux-gnu/libsystemd.so.0.42.0
7ac9dc6e3000-7ac9dc6e4000 rw-p 00000000 00:00 0 
7ac9dc6e4000-7ac9dc6f0000 r--p 00000000 103:03 10772886                  /usr/lib/x86_64-linux-gnu/libpixman-1.so.0.46.4
7ac9dc6f0000-7ac9dc782000 r-xp 0000c000 103:03 10772886                  /usr/lib/x86_64-linux-gnu/libpixman-1.so.0.46.4
7ac9dc782000-7ac9dc792000 r--p 0009e000 103:03 10772886                  /usr/lib/x86_64-linux-gnu/libpixman-1.so.0.46.4
7ac9dc792000-7ac9dc79a000 r--p 000ae000 103:03 10772886                  /usr/lib/x86_64-linux-gnu/libpixman-1.so.0.46.4
7ac9dc79a000-7ac9dc79b000 rw-p 000b6000 103:03 10772886                  /usr/lib/x86_64-linux-gnu/libpixman-1.so.0.46.4
7ac9dc79b000-7ac9dc7a7000 r--p 00000000 103:03 10773113                  /usr/lib/x86_64-linux-gnu/libxcb.so.1.1.0
7ac9dc7a7000-7ac9dc7bb000 r-xp 0000c000 103:03 10773113                  /usr/lib/x86_64-linux-gnu/libxcb.so.1.1.0
7ac9dc7bb000-7ac9dc7c4000 r--p 00020000 103:03 10773113                  /usr/lib/x86_64-linux-gnu/libxcb.so.1.1.0
7ac9dc7c4000-7ac9dc7c5000 r--p 00028000 103:03 10773113                  /usr/lib/x86_64-linux-gnu/libxcb.so.1.1.0
7ac9dc7c5000-7ac9dc7c6000 rw-p 00029000 103:03 10773113                  /usr/lib/x86_64-linux-gnu/libxcb.so.1.1.0
7ac9dc7c6000-7ac9dc7ca000 r--p 00000000 103:03 10772267                  /usr/lib/x86_64-linux-gnu/libXext.so.6.4.0
7ac9dc7ca000-7ac9dc7d5000 r-xp 00004000 103:03 10772267                  /usr/lib/x86_64-linux-gnu/libXext.so.6.4.0
7ac9dc7d5000-7ac9dc7d8000 r--p 0000f000 103:03 10772267                  /usr/lib/x86_64-linux-gnu/libXext.so.6.4.0
7ac9dc7d8000-7ac9dc7d9000 r--p 00011000 103:03 10772267                  /usr/lib/x86_64-linux-gnu/libXext.so.6.4.0
7ac9dc7d9000-7ac9dc7da000 rw-p 00012000 103:03 10772267                  /usr/lib/x86_64-linux-gnu/libXext.so.6.4.0
7ac9dc7da000-7ac9dc7f3000 r--p 00000000 103:03 10772259                  /usr/lib/x86_64-linux-gnu/libX11.so.6.4.0
7ac9dc7f3000-7ac9dc888000 r-xp 00019000 103:03 10772259                  /usr/lib/x86_64-linux-gnu/libX11.so.6.4.0
7ac9dc888000-7ac9dc917000 r--p 000ae000 103:03 10772259                  /usr/lib/x86_64-linux-gnu/libX11.so.6.4.0
7ac9dc917000-7ac9dc918000 r--p 0013d000 103:03 10772259                  /usr/lib/x86_64-linux-gnu/libX11.so.6.4.0
7ac9dc918000-7ac9dc91c000 rw-p 0013e000 103:03 10772259                  /usr/lib/x86_64-linux-gnu/libX11.so.6.4.0
7ac9dc91c000-7ac9dc929000 r--p 00000000 103:03 10772564                  /usr/lib/x86_64-linux-gnu/libfreetype.so.6.20.5
7ac9dc929000-7ac9dc9c0000 r-xp 0000d000 103:03 10772564                  /usr/lib/x86_64-linux-gnu/libfreetype.so.6.20.5
7ac9dc9c0000-7ac9dc9e8000 r--p 000a4000 103:03 10772564                  /usr/lib/x86_64-linux-gnu/libfreetype.so.6.20.5
7ac9dc9e8000-7ac9dc9f0000 r--p 000cc000 103:03 10772564                  /usr/lib/x86_64-linux-gnu/libfreetype.so.6.20.5
7ac9dc9f0000-7ac9dc9f1000 rw-p 000d4000 103:03 10772564                  /usr/lib/x86_64-linux-gnu/libfreetype.so.6.20.5
7ac9dc9f1000-7ac9dc9f9000 r--p 00000000 103:03 10772551                  /usr/lib/x86_64-linux-gnu/libfontconfig.so.1.16.1
7ac9dc9f9000-7ac9dca2a000 r-xp 00008000 103:03 10772551                  /usr/lib/x86_64-linux-gnu/libfontconfig.so.1.16.1
7ac9dca2a000-7ac9dca41000 r--p 00039000 103:03 10772551                  /usr/lib/x86_64-linux-gnu/libfontconfig.so.1.16.1
7ac9dca41000-7ac9dca43000 r--p 00050000 103:03 10772551                  /usr/lib/x86_64-linux-gnu/libfontconfig.so.1.16.1
7ac9dca43000-7ac9dca44000 rw-p 00052000 103:03 10772551                  /usr/lib/x86_64-linux-gnu/libfontconfig.so.1.16.1
7ac9dca44000-7ac9dca63000 r--p 00000000 103:03 10772597                  /usr/lib/x86_64-linux-gnu/libglib-2.0.so.0.8800.0
7ac9dca63000-7ac9dcb09000 r-xp 0001f000 103:03 10772597                  /usr/lib/x86_64-linux-gnu/libglib-2.0.so.0.8800.0
7ac9dcb09000-7ac9dcb99000 r--p 000c5000 103:03 10772597                  /usr/lib/x86_64-linux-gnu/libglib-2.0.so.0.8800.0
7ac9dcb99000-7ac9dcb9a000 r--p 00155000 103:03 10772597                  /usr/lib/x86_64-linux-gnu/libglib-2.0.so.0.8800.0
7ac9dcb9a000-7ac9dcb9b000 rw-p 00156000 103:03 10772597                  /usr/lib/x86_64-linux-gnu/libglib-2.0.so.0.8800.0
7ac9dcb9b000-7ac9dcb9c000 rw-p 00000000 00:00 0 
7ac9dcb9c000-7ac9dcbac000 r--p 00000000 103:03 10772614                  /usr/lib/x86_64-linux-gnu/libgobject-2.0.so.0.8800.0
7ac9dcbac000-7ac9dcbe3000 r-xp 00010000 103:03 10772614                  /usr/lib/x86_64-linux-gnu/libgobject-2.0.so.0.8800.0
7ac9dcbe3000-7ac9dcbfc000 r--p 00047000 103:03 10772614                  /usr/lib/x86_64-linux-gnu/libgobject-2.0.so.0.8800.0
7ac9dcbfc000-7ac9dcbff000 r--p 0005f000 103:03 10772614                  /usr/lib/x86_64-linux-gnu/libgobject-2.0.so.0.8800.0
7ac9dcbff000-7ac9dcc00000 rw-p 00062000 103:03 10772614                  /usr/lib/x86_64-linux-gnu/libgobject-2.0.so.0.8800.0
7ac9dcc00000-7ac9dcc8b000 r--p 00000000 103:03 10772654                  /usr/lib/x86_64-linux-gnu/libgtk-3.so.0.2420.32
7ac9dcc8b000-7ac9dd03f000 r-xp 0008b000 103:03 10772654                  /usr/lib/x86_64-linux-gnu/libgtk-3.so.0.2420.32
7ac9dd03f000-7ac9dd301000 r--p 0043f000 103:03 10772654                  /usr/lib/x86_64-linux-gnu/libgtk-3.so.0.2420.32
7ac9dd301000-7ac9dd313000 r--p 00701000 103:03 10772654                  /usr/lib/x86_64-linux-gnu/libgtk-3.so.0.2420.32
7ac9dd313000-7ac9dd315000 rw-p 00713000 103:03 10772654                  /usr/lib/x86_64-linux-gnu/libgtk-3.so.0.2420.32
7ac9dd315000-7ac9dd31a000 rw-p 00000000 00:00 0 
7ac9dd31c000-7ac9dd321000 r--p 00000000 103:03 10773106                  /usr/lib/x86_64-linux-gnu/libxcb-render.so.0.0.0
7ac9dd321000-7ac9dd326000 r-xp 00005000 103:03 10773106                  /usr/lib/x86_64-linux-gnu/libxcb-render.so.0.0.0
7ac9dd326000-7ac9dd329000 r--p 0000a000 103:03 10773106                  /usr/lib/x86_64-linux-gnu/libxcb-render.so.0.0.0
7ac9dd329000-7ac9dd32a000 r--p 0000c000 103:03 10773106                  /usr/lib/x86_64-linux-gnu/libxcb-render.so.0.0.0
7ac9dd32a000-7ac9dd32b000 rw-p 0000d000 103:03 10773106                  /usr/lib/x86_64-linux-gnu/libxcb-render.so.0.0.0
7ac9dd32b000-7ac9dd330000 r--p 00000000 103:03 10772895                  /usr/lib/x86_64-linux-gnu/libpng16.so.16.57.0
7ac9dd330000-7ac9dd35a000 r-xp 00005000 103:03 10772895                  /usr/lib/x86_64-linux-gnu/libpng16.so.16.57.0
7ac9dd35a000-7ac9dd363000 r--p 0002f000 103:03 10772895                  /usr/lib/x86_64-linux-gnu/libpng16.so.16.57.0
7ac9dd363000-7ac9dd364000 r--p 00037000 103:03 10772895                  /usr/lib/x86_64-linux-gnu/libpng16.so.16.57.0
7ac9dd364000-7ac9dd365000 rw-p 00038000 103:03 10772895                  /usr/lib/x86_64-linux-gnu/libpng16.so.16.57.0
7ac9dd365000-7ac9dd393000 r--p 00000000 103:03 10772585                  /usr/lib/x86_64-linux-gnu/libgdk-3.so.0.2420.32
7ac9dd393000-7ac9dd420000 r-xp 0002e000 103:03 10772585                  /usr/lib/x86_64-linux-gnu/libgdk-3.so.0.2420.32
7ac9dd420000-7ac9dd465000 r--p 000bb000 103:03 10772585                  /usr/lib/x86_64-linux-gnu/libgdk-3.so.0.2420.32
7ac9dd465000-7ac9dd46f000 r--p 000ff000 103:03 10772585                  /usr/lib/x86_64-linux-gnu/libgdk-3.so.0.2420.32
7ac9dd46f000-7ac9dd471000 rw-p 00109000 103:03 10772585                  /usr/lib/x86_64-linux-gnu/libgdk-3.so.0.2420.32
7ac9dd471000-7ac9dd47d000 r--p 00000000 103:03 10772483                  /usr/lib/x86_64-linux-gnu/libdbus-1.so.3.38.3
7ac9dd47d000-7ac9dd4ae000 r-xp 0000c000 103:03 10772483                  /usr/lib/x86_64-linux-gnu/libdbus-1.so.3.38.3
7ac9dd4ae000-7ac9dd4bf000 r--p 0003d000 103:03 10772483                  /usr/lib/x86_64-linux-gnu/libdbus-1.so.3.38.3
7ac9dd4bf000-7ac9dd4c0000 r--p 0004d000 103:03 10772483                  /usr/lib/x86_64-linux-gnu/libdbus-1.so.3.38.3
7ac9dd4c0000-7ac9dd4c1000 rw-p 0004e000 103:03 10772483                  /usr/lib/x86_64-linux-gnu/libdbus-1.so.3.38.3
7ac9dd4c1000-7ac9dd4d5000 r--p 00000000 103:03 10772446                  /usr/lib/x86_64-linux-gnu/libcairo.so.2.11804.4
7ac9dd4d5000-7ac9dd5cc000 r-xp 00014000 103:03 10772446                  /usr/lib/x86_64-linux-gnu/libcairo.so.2.11804.4
7ac9dd5cc000-7ac9dd609000 r--p 0010b000 103:03 10772446                  /usr/lib/x86_64-linux-gnu/libcairo.so.2.11804.4
7ac9dd609000-7ac9dd60d000 r--p 00148000 103:03 10772446                  /usr/lib/x86_64-linux-gnu/libcairo.so.2.11804.4
7ac9dd60d000-7ac9dd60f000 rw-p 0014c000 103:03 10772446                  /usr/lib/x86_64-linux-gnu/libcairo.so.2.11804.4
7ac9dd60f000-7ac9dd610000 rw-p 00000000 00:00 0 
7ac9dd615000-7ac9dd619000 rw-s 00000000 00:07 1468                       /dev/nvidiactl
7ac9dd619000-7ac9dd629000 rw-s 00000000 00:07 1469                       /dev/nvidia0
7ac9dd629000-7ac9dd638000 r--p 00000000 00:2f 14194                      /tmp/lwjgl_gooberheads/3.3.4-snapshot/x64/libglfw.so
7ac9dd638000-7ac9dd659000 r-xp 0000f000 00:2f 14194                      /tmp/lwjgl_gooberheads/3.3.4-snapshot/x64/libglfw.so
7ac9dd659000-7ac9dd68d000 r--p 00030000 00:2f 14194                      /tmp/lwjgl_gooberheads/3.3.4-snapshot/x64/libglfw.so
7ac9dd68d000-7ac9dd68e000 ---p 00064000 00:2f 14194                      /tmp/lwjgl_gooberheads/3.3.4-snapshot/x64/libglfw.so
7ac9dd68e000-7ac9dd692000 r--p 00064000 00:2f 14194                      /tmp/lwjgl_gooberheads/3.3.4-snapshot/x64/libglfw.so
7ac9dd692000-7ac9dd695000 rw-p 00068000 00:2f 14194                      /tmp/lwjgl_gooberheads/3.3.4-snapshot/x64/libglfw.so
7ac9dd695000-7ac9dd6b8000 rw-p 00000000 00:00 0 
7ac9dd6b8000-7ac9dd6bc000 ---p 00000000 00:00 0 
7ac9dd6bc000-7ac9dd7b8000 rw-p 00000000 00:00 0 
7ac9dd7b8000-7ac9dd7e2000 r--p 00000000 00:2f 14193                      /tmp/lwjgl_gooberheads/3.3.4-snapshot/x64/liblwjgl.so
7ac9dd7e2000-7ac9dd814000 r-xp 0002a000 00:2f 14193                      /tmp/lwjgl_gooberheads/3.3.4-snapshot/x64/liblwjgl.so
7ac9dd814000-7ac9dd82d000 r--p 0005c000 00:2f 14193                      /tmp/lwjgl_gooberheads/3.3.4-snapshot/x64/liblwjgl.so
7ac9dd82d000-7ac9dd82e000 r--p 00074000 00:2f 14193                      /tmp/lwjgl_gooberheads/3.3.4-snapshot/x64/liblwjgl.so
7ac9dd82e000-7ac9dd82f000 rw-p 00075000 00:2f 14193                      /tmp/lwjgl_gooberheads/3.3.4-snapshot/x64/liblwjgl.so
7ac9dd82f000-7ac9dd833000 ---p 00000000 00:00 0 
7ac9dd833000-7ac9dd92f000 rw-p 00000000 00:00 0 
7ac9dd92f000-7ac9dd933000 ---p 00000000 00:00 0 
7ac9dd933000-7ac9dda2f000 rw-p 00000000 00:00 0 
7ac9dda2f000-7ac9dda33000 ---p 00000000 00:00 0 
7ac9dda33000-7ac9ddb2f000 rw-p 00000000 00:00 0 
7ac9ddb2f000-7ac9ddb34000 r--p 00000000 103:03 12483194                  /usr/lib/jvm/java-21-openjdk-amd64/lib/libjsvml.so
7ac9ddb34000-7ac9ddb75000 r-xp 00005000 103:03 12483194                  /usr/lib/jvm/java-21-openjdk-amd64/lib/libjsvml.so
7ac9ddb75000-7ac9ddbfe000 r--p 00046000 103:03 12483194                  /usr/lib/jvm/java-21-openjdk-amd64/lib/libjsvml.so
7ac9ddbfe000-7ac9ddbff000 r--p 000ce000 103:03 12483194                  /usr/lib/jvm/java-21-openjdk-amd64/lib/libjsvml.so
7ac9ddbff000-7ac9ddc00000 rw-p 000cf000 103:03 12483194                  /usr/lib/jvm/java-21-openjdk-amd64/lib/libjsvml.so
7ac9ddc00000-7ac9ddc04000 ---p 00000000 00:00 0 
7ac9ddc04000-7ac9ddd00000 rw-p 00000000 00:00 0 
7ac9ddd00000-7ac9ddd04000 ---p 00000000 00:00 0 
7ac9ddd04000-7ac9dde00000 rw-p 00000000 00:00 0 
7ac9dde00000-7ac9dde04000 ---p 00000000 00:00 0 
7ac9dde04000-7ac9ddf00000 rw-p 00000000 00:00 0 
7ac9ddf00000-7ac9ddf04000 ---p 00000000 00:00 0 
7ac9ddf04000-7ac9de000000 rw-p 00000000 00:00 0 
7ac9de000000-7ac9de004000 ---p 00000000 00:00 0 
7ac9de004000-7ac9de100000 rw-p 00000000 00:00 0 
7ac9de100000-7ac9de104000 ---p 00000000 00:00 0 
7ac9de104000-7ac9de200000 rw-p 00000000 00:00 0 
7ac9de200000-7ac9deff2000 r--p 00000000 103:03 10759927                  /usr/lib/locale/locale-archive
7ac9deff2000-7ac9deff4000 rw-s 00000000 00:07 1468                       /dev/nvidiactl
7ac9deff4000-7ac9deff6000 r--p 00000000 103:03 10772277                  /usr/lib/x86_64-linux-gnu/libXrender.so.1.3.0
7ac9deff6000-7ac9deffd000 r-xp 00002000 103:03 10772277                  /usr/lib/x86_64-linux-gnu/libXrender.so.1.3.0
7ac9deffd000-7ac9deffe000 r--p 00009000 103:03 10772277                  /usr/lib/x86_64-linux-gnu/libXrender.so.1.3.0
7ac9deffe000-7ac9defff000 r--p 00009000 103:03 10772277                  /usr/lib/x86_64-linux-gnu/libXrender.so.1.3.0
7ac9defff000-7ac9df000000 rw-p 0000a000 103:03 10772277                  /usr/lib/x86_64-linux-gnu/libXrender.so.1.3.0
7ac9df000000-7ac9dfc9c000 rw-p 00001000 103:03 12483213                  /usr/lib/jvm/java-21-openjdk-amd64/lib/server/classes.jsa
7ac9dfc9c000-7ac9e0000000 ---p 00000000 00:00 0 
7ac9e0000000-7ac9e0040000 rw-p 00000000 00:00 0 
7ac9e0040000-7ac9e0070000 rw-p 00000000 00:00 0 
7ac9e0070000-7aca20000000 ---p 00000000 00:00 0 
7aca20000000-7aca20021000 rw-p 00000000 00:00 0 
7aca20021000-7aca24000000 ---p 00000000 00:00 0 
7aca24000000-7aca24021000 rw-p 00000000 00:00 0 
7aca24021000-7aca28000000 ---p 00000000 00:00 0 
7aca28000000-7aca28021000 rw-p 00000000 00:00 0 
7aca28021000-7aca2c000000 ---p 00000000 00:00 0 
7aca2c000000-7aca2c021000 rw-p 00000000 00:00 0 
7aca2c021000-7aca30000000 ---p 00000000 00:00 0 
7aca30000000-7aca30021000 rw-p 00000000 00:00 0 
7aca30021000-7aca34000000 ---p 00000000 00:00 0 
7aca34000000-7aca34001000 r--p 00000000 103:03 10773104                  /usr/lib/x86_64-linux-gnu/libxcb-present.so.0.0.0
7aca34001000-7aca34002000 r-xp 00001000 103:03 10773104                  /usr/lib/x86_64-linux-gnu/libxcb-present.so.0.0.0
7aca34002000-7aca34003000 r--p 00002000 103:03 10773104                  /usr/lib/x86_64-linux-gnu/libxcb-present.so.0.0.0
7aca34003000-7aca34004000 r--p 00002000 103:03 10773104                  /usr/lib/x86_64-linux-gnu/libxcb-present.so.0.0.0
7aca34004000-7aca34005000 rw-p 00003000 103:03 10773104                  /usr/lib/x86_64-linux-gnu/libxcb-present.so.0.0.0
7aca34005000-7aca34006000 r--p 00000000 103:03 10772272                  /usr/lib/x86_64-linux-gnu/libXinerama.so.1.0.0
7aca34006000-7aca34007000 r-xp 00001000 103:03 10772272                  /usr/lib/x86_64-linux-gnu/libXinerama.so.1.0.0
7aca34007000-7aca34008000 r--p 00002000 103:03 10772272                  /usr/lib/x86_64-linux-gnu/libXinerama.so.1.0.0
7aca34008000-7aca34009000 r--p 00002000 103:03 10772272                  /usr/lib/x86_64-linux-gnu/libXinerama.so.1.0.0
7aca34009000-7aca3400a000 rw-p 00003000 103:03 10772272                  /usr/lib/x86_64-linux-gnu/libXinerama.so.1.0.0
7aca3400a000-7aca34010000 r--p 00000000 103:03 10773115                  /usr/lib/x86_64-linux-gnu/libxkbcommon.so.0.13.1
7aca34010000-7aca3403e000 r-xp 00006000 103:03 10773115                  /usr/lib/x86_64-linux-gnu/libxkbcommon.so.0.13.1
7aca3403e000-7aca34066000 r--p 00034000 103:03 10773115                  /usr/lib/x86_64-linux-gnu/libxkbcommon.so.0.13.1
7aca34066000-7aca34068000 r--p 0005b000 103:03 10773115                  /usr/lib/x86_64-linux-gnu/libxkbcommon.so.0.13.1
7aca34068000-7aca34069000 rw-p 0005d000 103:03 10773115                  /usr/lib/x86_64-linux-gnu/libxkbcommon.so.0.13.1
7aca34069000-7aca3406d000 ---p 00000000 00:00 0 
7aca3406d000-7aca3436b000 rw-p 00000000 00:00 0 
7aca3436b000-7aca343ec000 rw-p 00000000 00:00 0 
7aca343ec000-7aca345ee000 rw-p 00000000 00:00 0 
7aca345ee000-7aca37800000 rw-p 00000000 00:00 0 
7aca37800000-7aca37802000 r--p 00000000 103:03 10772268                  /usr/lib/x86_64-linux-gnu/libXfixes.so.3.1.0
7aca37802000-7aca37805000 r-xp 00002000 103:03 10772268                  /usr/lib/x86_64-linux-gnu/libXfixes.so.3.1.0
7aca37805000-7aca37806000 r--p 00005000 103:03 10772268                  /usr/lib/x86_64-linux-gnu/libXfixes.so.3.1.0
7aca37806000-7aca37807000 r--p 00005000 103:03 10772268                  /usr/lib/x86_64-linux-gnu/libXfixes.so.3.1.0
7aca37807000-7aca37808000 rw-p 00006000 103:03 10772268                  /usr/lib/x86_64-linux-gnu/libXfixes.so.3.1.0
7aca37808000-7aca38728000 rw-p 00000000 00:00 0 
7aca38728000-7aca469a8000 ---p 00000000 00:00 0 
7aca469a8000-7aca46bac000 rw-p 00000000 00:00 0 
7aca46bac000-7aca487fc000 ---p 00000000 00:00 0 
7aca487fc000-7aca48800000 rw-p 00000000 00:00 0 
7aca48800000-7aca48a70000 rwxp 00000000 00:00 0 
7aca48a70000-7aca4fc17000 ---p 00000000 00:00 0 
7aca4fc17000-7aca50077000 rwxp 00000000 00:00 0 
7aca50077000-7aca503e8000 ---p 00000000 00:00 0 
7aca503e8000-7aca50658000 rwxp 00000000 00:00 0 
7aca50658000-7aca57800000 ---p 00000000 00:00 0 
7aca57800000-7aca5fe53000 r--s 00000000 103:03 12483210                  /usr/lib/jvm/java-21-openjdk-amd64/lib/modules
7aca5fe53000-7aca5fe54000 r--p 00000000 103:03 10772263                  /usr/lib/x86_64-linux-gnu/libXcomposite.so.1.0.0
7aca5fe54000-7aca5fe55000 r-xp 00001000 103:03 10772263                  /usr/lib/x86_64-linux-gnu/libXcomposite.so.1.0.0
7aca5fe55000-7aca5fe56000 r--p 00002000 103:03 10772263                  /usr/lib/x86_64-linux-gnu/libXcomposite.so.1.0.0
7aca5fe56000-7aca5fe57000 r--p 00002000 103:03 10772263                  /usr/lib/x86_64-linux-gnu/libXcomposite.so.1.0.0
7aca5fe57000-7aca5fe58000 rw-p 00003000 103:03 10772263                  /usr/lib/x86_64-linux-gnu/libXcomposite.so.1.0.0
7aca5fe58000-7aca5fe5c000 r--p 00000000 103:03 10772494                  /usr/lib/x86_64-linux-gnu/libdecor-0.so.0.200.5
7aca5fe5c000-7aca5fe5f000 r-xp 00004000 103:03 10772494                  /usr/lib/x86_64-linux-gnu/libdecor-0.so.0.200.5
7aca5fe5f000-7aca5fe61000 r--p 00007000 103:03 10772494                  /usr/lib/x86_64-linux-gnu/libdecor-0.so.0.200.5
7aca5fe61000-7aca5fe62000 r--p 00008000 103:03 10772494                  /usr/lib/x86_64-linux-gnu/libdecor-0.so.0.200.5
7aca5fe62000-7aca5fe63000 rw-p 00009000 103:03 10772494                  /usr/lib/x86_64-linux-gnu/libdecor-0.so.0.200.5
7aca5fe63000-7aca60b2f000 rw-p 00000000 00:00 0 
7aca60b2f000-7aca64000000 ---p 00000000 00:00 0 
7aca64000000-7aca64001000 rw-s 00000000 00:07 1469                       /dev/nvidia0
7aca64001000-7aca64002000 rw-s 00000000 00:07 1468                       /dev/nvidiactl
7aca64002000-7aca64004000 r--p 00000000 103:03 10772600                  /usr/lib/x86_64-linux-gnu/libgmodule-2.0.so.0.8800.0
7aca64004000-7aca64006000 r-xp 00002000 103:03 10772600                  /usr/lib/x86_64-linux-gnu/libgmodule-2.0.so.0.8800.0
7aca64006000-7aca64007000 r--p 00004000 103:03 10772600                  /usr/lib/x86_64-linux-gnu/libgmodule-2.0.so.0.8800.0
7aca64007000-7aca64008000 r--p 00004000 103:03 10772600                  /usr/lib/x86_64-linux-gnu/libgmodule-2.0.so.0.8800.0
7aca64008000-7aca64009000 rw-p 00005000 103:03 10772600                  /usr/lib/x86_64-linux-gnu/libgmodule-2.0.so.0.8800.0
7aca64009000-7aca6400b000 r--p 00000000 103:03 10772545                  /usr/lib/x86_64-linux-gnu/libffi.so.8.2.0
7aca6400b000-7aca64016000 r-xp 00002000 103:03 10772545                  /usr/lib/x86_64-linux-gnu/libffi.so.8.2.0
7aca64016000-7aca64018000 r--p 0000d000 103:03 10772545                  /usr/lib/x86_64-linux-gnu/libffi.so.8.2.0
7aca64018000-7aca64019000 r--p 0000e000 103:03 10772545                  /usr/lib/x86_64-linux-gnu/libffi.so.8.2.0
7aca64019000-7aca6401a000 rw-p 0000f000 103:03 10772545                  /usr/lib/x86_64-linux-gnu/libffi.so.8.2.0
7aca6401a000-7aca64020000 r--p 00000000 103:03 10773083                  /usr/lib/x86_64-linux-gnu/libwayland-client.so.0.24.0
7aca64020000-7aca64027000 r-xp 00006000 103:03 10773083                  /usr/lib/x86_64-linux-gnu/libwayland-client.so.0.24.0
7aca64027000-7aca6402a000 r--p 0000d000 103:03 10773083                  /usr/lib/x86_64-linux-gnu/libwayland-client.so.0.24.0
7aca6402a000-7aca6402c000 r--p 0000f000 103:03 10773083                  /usr/lib/x86_64-linux-gnu/libwayland-client.so.0.24.0
7aca6402c000-7aca6402d000 rw-p 00011000 103:03 10773083                  /usr/lib/x86_64-linux-gnu/libwayland-client.so.0.24.0
7aca6402d000-7aca64431000 rw-p 00000000 00:00 0 
7aca64431000-7aca64734000 rw-p 00000000 00:00 0 
7aca64734000-7aca64a4a000 rw-p 00000000 00:00 0 
7aca64a4a000-7aca6669a000 ---p 00000000 00:00 0 
7aca6669a000-7aca67e33000 rw-p 00000000 00:00 0 
7aca67e33000-7aca67f17000 ---p 00000000 00:00 0 
7aca67f17000-7aca67f1c000 rw-p 00000000 00:00 0 
7aca67f1c000-7aca68000000 ---p 00000000 00:00 0 
7aca68000000-7aca680a3000 r--p 00000000 103:03 10772991                  /usr/lib/x86_64-linux-gnu/libstdc++.so.6.0.35
7aca680a3000-7aca681fe000 r-xp 000a3000 103:03 10772991                  /usr/lib/x86_64-linux-gnu/libstdc++.so.6.0.35
7aca681fe000-7aca6828a000 r--p 001fe000 103:03 10772991                  /usr/lib/x86_64-linux-gnu/libstdc++.so.6.0.35
7aca6828a000-7aca68299000 r--p 0028a000 103:03 10772991                  /usr/lib/x86_64-linux-gnu/libstdc++.so.6.0.35
7aca68299000-7aca6829c000 rw-p 00299000 103:03 10772991                  /usr/lib/x86_64-linux-gnu/libstdc++.so.6.0.35
7aca6829c000-7aca682a0000 rw-p 00000000 00:00 0 
7aca682a0000-7aca682a1000 r--p 00000000 103:03 10772265                  /usr/lib/x86_64-linux-gnu/libXdamage.so.1.1.0
7aca682a1000-7aca682a2000 r-xp 00001000 103:03 10772265                  /usr/lib/x86_64-linux-gnu/libXdamage.so.1.1.0
7aca682a2000-7aca682a3000 r--p 00002000 103:03 10772265                  /usr/lib/x86_64-linux-gnu/libXdamage.so.1.1.0
7aca682a3000-7aca682a4000 r--p 00002000 103:03 10772265                  /usr/lib/x86_64-linux-gnu/libXdamage.so.1.1.0
7aca682a4000-7aca682a5000 rw-p 00003000 103:03 10772265                  /usr/lib/x86_64-linux-gnu/libXdamage.so.1.1.0
7aca682a5000-7aca682a6000 r--p 00000000 103:03 10773085                  /usr/lib/x86_64-linux-gnu/libwayland-egl.so.1.24.0
7aca682a6000-7aca682a7000 r-xp 00001000 103:03 10773085                  /usr/lib/x86_64-linux-gnu/libwayland-egl.so.1.24.0
7aca682a7000-7aca682a8000 r--p 00002000 103:03 10773085                  /usr/lib/x86_64-linux-gnu/libwayland-egl.so.1.24.0
7aca682a8000-7aca682a9000 r--p 00002000 103:03 10773085                  /usr/lib/x86_64-linux-gnu/libwayland-egl.so.1.24.0
7aca682a9000-7aca682aa000 rw-p 00003000 103:03 10773085                  /usr/lib/x86_64-linux-gnu/libwayland-egl.so.1.24.0
7aca682ab000-7aca682ac000 rw-s 00000000 00:07 1468                       /dev/nvidiactl
7aca682ac000-7aca682ad000 r--p 00000000 103:03 10773109                  /usr/lib/x86_64-linux-gnu/libxcb-shm.so.0.0.0
7aca682ad000-7aca682ae000 r-xp 00001000 103:03 10773109                  /usr/lib/x86_64-linux-gnu/libxcb-shm.so.0.0.0
7aca682ae000-7aca682af000 r--p 00002000 103:03 10773109                  /usr/lib/x86_64-linux-gnu/libxcb-shm.so.0.0.0
7aca682af000-7aca682b0000 r--p 00002000 103:03 10773109                  /usr/lib/x86_64-linux-gnu/libxcb-shm.so.0.0.0
7aca682b0000-7aca682b1000 rw-p 00003000 103:03 10773109                  /usr/lib/x86_64-linux-gnu/libxcb-shm.so.0.0.0
7aca682b1000-7aca682b3000 r--p 00000000 00:01 8202                       /memfd:mutter-anonymous-file-dmabuf-format-table (deleted)
7aca682b3000-7aca682b5000 r--p 00000000 00:01 8202                       /memfd:mutter-anonymous-file-dmabuf-format-table (deleted)
7aca682b5000-7aca682b7000 r--p 00000000 103:03 10772574                  /usr/lib/x86_64-linux-gnu/libgbm.so.1.0.0
7aca682b7000-7aca682b9000 r-xp 00002000 103:03 10772574                  /usr/lib/x86_64-linux-gnu/libgbm.so.1.0.0
7aca682b9000-7aca682ba000 r--p 00004000 103:03 10772574                  /usr/lib/x86_64-linux-gnu/libgbm.so.1.0.0
7aca682ba000-7aca682bb000 r--p 00004000 103:03 10772574                  /usr/lib/x86_64-linux-gnu/libgbm.so.1.0.0
7aca682bb000-7aca682bc000 rw-p 00005000 103:03 10772574                  /usr/lib/x86_64-linux-gnu/libgbm.so.1.0.0
7aca682bc000-7aca682c3000 r--s 00000000 103:03 10886192                  /usr/lib/x86_64-linux-gnu/gconv/gconv-modules.cache
7aca682c3000-7aca68300000 rw-p 00000000 00:00 0 
7aca68300000-7aca68304000 ---p 00000000 00:00 0 
7aca68304000-7aca68400000 rw-p 00000000 00:00 0 
7aca68400000-7aca686aa000 r--p 00000000 103:03 12483216                  /usr/lib/jvm/java-21-openjdk-amd64/lib/server/libjvm.so
7aca686aa000-7aca69591000 r-xp 002aa000 103:03 12483216                  /usr/lib/jvm/java-21-openjdk-amd64/lib/server/libjvm.so
7aca69591000-7aca69865000 r--p 01191000 103:03 12483216                  /usr/lib/jvm/java-21-openjdk-amd64/lib/server/libjvm.so
7aca69865000-7aca6993b000 r--p 01464000 103:03 12483216                  /usr/lib/jvm/java-21-openjdk-amd64/lib/server/libjvm.so
7aca6993b000-7aca6996b000 rw-p 0153a000 103:03 12483216                  /usr/lib/jvm/java-21-openjdk-amd64/lib/server/libjvm.so
7aca6996b000-7aca699d1000 rw-p 00000000 00:00 0 
7aca699d1000-7aca699d2000 rw-s 00000000 00:07 1468                       /dev/nvidiactl
7aca699d2000-7aca699d4000 r--p 00000000 103:03 10773084                  /usr/lib/x86_64-linux-gnu/libwayland-cursor.so.0.24.0
7aca699d4000-7aca699d6000 r-xp 00002000 103:03 10773084                  /usr/lib/x86_64-linux-gnu/libwayland-cursor.so.0.24.0
7aca699d6000-7aca699d7000 r--p 00004000 103:03 10773084                  /usr/lib/x86_64-linux-gnu/libwayland-cursor.so.0.24.0
7aca699d7000-7aca699d8000 r--p 00004000 103:03 10773084                  /usr/lib/x86_64-linux-gnu/libwayland-cursor.so.0.24.0
7aca699d8000-7aca699dc000 rw-p 00005000 103:03 10773084                  /usr/lib/x86_64-linux-gnu/libwayland-cursor.so.0.24.0
7aca699dc000-7aca699dd000 r--p 00000000 103:03 10772935                  /usr/lib/x86_64-linux-gnu/librt.so.1
7aca699dd000-7aca699de000 r-xp 00001000 103:03 10772935                  /usr/lib/x86_64-linux-gnu/librt.so.1
7aca699de000-7aca699df000 r--p 00002000 103:03 10772935                  /usr/lib/x86_64-linux-gnu/librt.so.1
7aca699df000-7aca699e0000 r--p 00002000 103:03 10772935                  /usr/lib/x86_64-linux-gnu/librt.so.1
7aca699e0000-7aca699e1000 rw-p 00003000 103:03 10772935                  /usr/lib/x86_64-linux-gnu/librt.so.1
7aca699e1000-7aca699e2000 r--p 00000000 103:03 10772914                  /usr/lib/x86_64-linux-gnu/libpthread.so.0
7aca699e2000-7aca699e3000 r-xp 00001000 103:03 10772914                  /usr/lib/x86_64-linux-gnu/libpthread.so.0
7aca699e3000-7aca699e4000 r--p 00002000 103:03 10772914                  /usr/lib/x86_64-linux-gnu/libpthread.so.0
7aca699e4000-7aca699e5000 r--p 00002000 103:03 10772914                  /usr/lib/x86_64-linux-gnu/libpthread.so.0
7aca699e5000-7aca699e6000 rw-p 00003000 103:03 10772914                  /usr/lib/x86_64-linux-gnu/libpthread.so.0
7aca699e6000-7aca699e8000 r--p 00000000 103:03 12483209                  /usr/lib/jvm/java-21-openjdk-amd64/lib/libzip.so
7aca699e8000-7aca699ed000 r-xp 00002000 103:03 12483209                  /usr/lib/jvm/java-21-openjdk-amd64/lib/libzip.so
7aca699ed000-7aca699ef000 r--p 00007000 103:03 12483209                  /usr/lib/jvm/java-21-openjdk-amd64/lib/libzip.so
7aca699ef000-7aca699f0000 r--p 00008000 103:03 12483209                  /usr/lib/jvm/java-21-openjdk-amd64/lib/libzip.so
7aca699f0000-7aca699f1000 rw-p 00009000 103:03 12483209                  /usr/lib/jvm/java-21-openjdk-amd64/lib/libzip.so
7aca699f1000-7aca699f4000 r--p 00000000 103:03 12483201                  /usr/lib/jvm/java-21-openjdk-amd64/lib/libnet.so
7aca699f4000-7aca699fc000 r-xp 00003000 103:03 12483201                  /usr/lib/jvm/java-21-openjdk-amd64/lib/libnet.so
7aca699fc000-7aca699fe000 r--p 0000b000 103:03 12483201                  /usr/lib/jvm/java-21-openjdk-amd64/lib/libnet.so
7aca699fe000-7aca699ff000 r--p 0000c000 103:03 12483201                  /usr/lib/jvm/java-21-openjdk-amd64/lib/libnet.so
7aca699ff000-7aca69a00000 rw-p 0000d000 103:03 12483201                  /usr/lib/jvm/java-21-openjdk-amd64/lib/libnet.so
7aca69a00000-7aca69a28000 r--p 00000000 103:03 10772439                  /usr/lib/x86_64-linux-gnu/libc.so.6
7aca69a28000-7aca69bc0000 r-xp 00028000 103:03 10772439                  /usr/lib/x86_64-linux-gnu/libc.so.6
7aca69bc0000-7aca69c0e000 r--p 001c0000 103:03 10772439                  /usr/lib/x86_64-linux-gnu/libc.so.6
7aca69c0e000-7aca69c12000 r--p 0020d000 103:03 10772439                  /usr/lib/x86_64-linux-gnu/libc.so.6
7aca69c12000-7aca69c14000 rw-p 00211000 103:03 10772439                  /usr/lib/x86_64-linux-gnu/libc.so.6
7aca69c14000-7aca69c21000 rw-p 00000000 00:00 0 
7aca69c21000-7aca69c22000 r--s 00000000 00:07 1468                       /dev/nvidiactl
7aca69c22000-7aca69c23000 r-xp 0005a000 00:2f 14193                      /tmp/lwjgl_gooberheads/3.3.4-snapshot/x64/liblwjgl.so
7aca69c23000-7aca69c24000 rw-p 00000000 00:00 0 
7aca69c24000-7aca69c2b000 r--p 00000000 103:03 12483202                  /usr/lib/jvm/java-21-openjdk-amd64/lib/libnio.so
7aca69c2b000-7aca69c34000 r-xp 00007000 103:03 12483202                  /usr/lib/jvm/java-21-openjdk-amd64/lib/libnio.so
7aca69c34000-7aca69c38000 r--p 00010000 103:03 12483202                  /usr/lib/jvm/java-21-openjdk-amd64/lib/libnio.so
7aca69c38000-7aca69c39000 r--p 00014000 103:03 12483202                  /usr/lib/jvm/java-21-openjdk-amd64/lib/libnio.so
7aca69c39000-7aca69c3a000 rw-p 00015000 103:03 12483202                  /usr/lib/jvm/java-21-openjdk-amd64/lib/libnio.so
7aca69c3a000-7aca69c43000 rw-p 00000000 00:00 0 
7aca69c43000-7aca69c4a000 ---p 00000000 00:00 0 
7aca69c4a000-7aca69c57000 r--p 00000000 103:03 12483187                  /usr/lib/jvm/java-21-openjdk-amd64/lib/libjava.so
7aca69c57000-7aca69c66000 r-xp 0000d000 103:03 12483187                  /usr/lib/jvm/java-21-openjdk-amd64/lib/libjava.so
7aca69c66000-7aca69c6b000 r--p 0001c000 103:03 12483187                  /usr/lib/jvm/java-21-openjdk-amd64/lib/libjava.so
7aca69c6b000-7aca69c6c000 r--p 00021000 103:03 12483187                  /usr/lib/jvm/java-21-openjdk-amd64/lib/libjava.so
7aca69c6c000-7aca69c6d000 rw-p 00022000 103:03 12483187                  /usr/lib/jvm/java-21-openjdk-amd64/lib/libjava.so
7aca69c6d000-7aca69c6e000 rw-p 00000000 00:00 0 
7aca69c6e000-7aca69c72000 r--p 00000000 103:03 10772575                  /usr/lib/x86_64-linux-gnu/libgcc_s.so.1
7aca69c72000-7aca69c96000 r-xp 00004000 103:03 10772575                  /usr/lib/x86_64-linux-gnu/libgcc_s.so.1
7aca69c96000-7aca69c9a000 r--p 00028000 103:03 10772575                  /usr/lib/x86_64-linux-gnu/libgcc_s.so.1
7aca69c9a000-7aca69c9b000 r--p 0002c000 103:03 10772575                  /usr/lib/x86_64-linux-gnu/libgcc_s.so.1
7aca69c9b000-7aca69c9c000 rw-p 0002d000 103:03 10772575                  /usr/lib/x86_64-linux-gnu/libgcc_s.so.1
7aca69c9c000-7aca69cae000 r--p 00000000 103:03 10772759                  /usr/lib/x86_64-linux-gnu/libm.so.6
7aca69cae000-7aca69d4e000 r-xp 00012000 103:03 10772759                  /usr/lib/x86_64-linux-gnu/libm.so.6
7aca69d4e000-7aca69dc0000 r--p 000b2000 103:03 10772759                  /usr/lib/x86_64-linux-gnu/libm.so.6
7aca69dc0000-7aca69dc1000 r--p 00123000 103:03 10772759                  /usr/lib/x86_64-linux-gnu/libm.so.6
7aca69dc1000-7aca69dc2000 rw-p 00124000 103:03 10772759                  /usr/lib/x86_64-linux-gnu/libm.so.6
7aca69dc2000-7aca69dc4000 rw-p 00000000 00:00 0 
7aca69dc4000-7aca69dc6000 r--p 00000000 103:03 12483191                  /usr/lib/jvm/java-21-openjdk-amd64/lib/libjli.so
7aca69dc6000-7aca69dd0000 r-xp 00002000 103:03 12483191                  /usr/lib/jvm/java-21-openjdk-amd64/lib/libjli.so
7aca69dd0000-7aca69dd3000 r--p 0000c000 103:03 12483191                  /usr/lib/jvm/java-21-openjdk-amd64/lib/libjli.so
7aca69dd3000-7aca69dd4000 r--p 0000f000 103:03 12483191                  /usr/lib/jvm/java-21-openjdk-amd64/lib/libjli.so
7aca69dd4000-7aca69dd5000 rw-p 00010000 103:03 12483191                  /usr/lib/jvm/java-21-openjdk-amd64/lib/libjli.so
7aca69dd5000-7aca69dd8000 r--p 00000000 103:03 10773126                  /usr/lib/x86_64-linux-gnu/libz.so.1.3.1
7aca69dd8000-7aca69deb000 r-xp 00003000 103:03 10773126                  /usr/lib/x86_64-linux-gnu/libz.so.1.3.1
7aca69deb000-7aca69df1000 r--p 00016000 103:03 10773126                  /usr/lib/x86_64-linux-gnu/libz.so.1.3.1
7aca69df1000-7aca69df2000 r--p 0001c000 103:03 10773126                  /usr/lib/x86_64-linux-gnu/libz.so.1.3.1
7aca69df2000-7aca69df3000 rw-p 0001d000 103:03 10773126                  /usr/lib/x86_64-linux-gnu/libz.so.1.3.1
7aca69df3000-7aca69df4000 rw-p 00000000 00:00 0 
7aca69df4000-7aca69df5000 r--p 00000000 103:03 10772503                  /usr/lib/x86_64-linux-gnu/libdl.so.2
7aca69df5000-7aca69df6000 r-xp 00001000 103:03 10772503                  /usr/lib/x86_64-linux-gnu/libdl.so.2
7aca69df6000-7aca69df7000 r--p 00002000 103:03 10772503                  /usr/lib/x86_64-linux-gnu/libdl.so.2
7aca69df7000-7aca69df8000 r--p 00002000 103:03 10772503                  /usr/lib/x86_64-linux-gnu/libdl.so.2
7aca69df8000-7aca69df9000 rw-p 00003000 103:03 10772503                  /usr/lib/x86_64-linux-gnu/libdl.so.2
7aca69df9000-7aca69e01000 rw-s 00000000 00:2f 14700                      /tmp/hsperfdata_gooberheads/277657 (deleted)
7aca69e01000-7aca69e02000 ---p 00000000 00:00 0 
7aca69e02000-7aca69e03000 r--p 00000000 00:00 0 
7aca69e03000-7aca69e04000 ---p 00000000 00:00 0 
7aca69e04000-7aca69e06000 r--p 00000000 103:03 12483190                  /usr/lib/jvm/java-21-openjdk-amd64/lib/libjimage.so
7aca69e06000-7aca69e09000 r-xp 00002000 103:03 12483190                  /usr/lib/jvm/java-21-openjdk-amd64/lib/libjimage.so
7aca69e09000-7aca69e0a000 r--p 00005000 103:03 12483190                  /usr/lib/jvm/java-21-openjdk-amd64/lib/libjimage.so
7aca69e0a000-7aca69e0b000 r--p 00006000 103:03 12483190                  /usr/lib/jvm/java-21-openjdk-amd64/lib/libjimage.so
7aca69e0b000-7aca69e0c000 rw-p 00007000 103:03 12483190                  /usr/lib/jvm/java-21-openjdk-amd64/lib/libjimage.so
7aca69e0c000-7aca69e0e000 rw-p 00000000 00:00 0 
7aca69e0e000-7aca69e12000 r--p 00000000 00:00 0                          [vvar]
7aca69e12000-7aca69e14000 r--p 00000000 00:00 0                          [vvar_vclock]
7aca69e14000-7aca69e16000 r-xp 00000000 00:00 0                          [vdso]
7aca69e16000-7aca69e17000 r--p 00000000 103:03 10772237                  /usr/lib/x86_64-linux-gnu/ld-linux-x86-64.so.2
7aca69e17000-7aca69e46000 r-xp 00001000 103:03 10772237                  /usr/lib/x86_64-linux-gnu/ld-linux-x86-64.so.2
7aca69e46000-7aca69e51000 r--p 00030000 103:03 10772237                  /usr/lib/x86_64-linux-gnu/ld-linux-x86-64.so.2
7aca69e51000-7aca69e53000 r--p 0003b000 103:03 10772237                  /usr/lib/x86_64-linux-gnu/ld-linux-x86-64.so.2
7aca69e53000-7aca69e54000 rw-p 0003d000 103:03 10772237                  /usr/lib/x86_64-linux-gnu/ld-linux-x86-64.so.2
7aca69e54000-7aca69e55000 rw-p 00000000 00:00 0 
7ffe59771000-7ffe59793000 rw-p 00000000 00:00 0                          [stack]
ffffffffff600000-ffffffffff601000 --xp 00000000 00:00 0                  [vsyscall]
Total number of mappings: 1507

JVMTI agents: none


VM Arguments:
java_command: /home/gooberheads/CodeEnv/JavaGameRepo/JavaGameRepo-main/dist/xenoverse-portable.jar
java_class_path (initial): /home/gooberheads/CodeEnv/JavaGameRepo/JavaGameRepo-main/dist/xenoverse-portable.jar
Launcher Type: SUN_STANDARD

[Global flags]
     intx CICompilerCount                          = 15                                        {product} {ergonomic}
     uint ConcGCThreads                            = 6                                         {product} {ergonomic}
     uint G1ConcRefinementThreads                  = 23                                        {product} {ergonomic}
   size_t G1HeapRegionSize                         = 8388608                                   {product} {ergonomic}
    uintx GCDrainStackTargetSize                   = 64                                        {product} {ergonomic}
   size_t InitialHeapSize                          = 1015021568                                {product} {ergonomic}
   size_t MarkStackSize                            = 4194304                                   {product} {ergonomic}
   size_t MaxHeapSize                              = 16223567872                               {product} {ergonomic}
   size_t MaxNewSize                               = 9730785280                                {product} {ergonomic}
   size_t MinHeapDeltaBytes                        = 8388608                                   {product} {ergonomic}
   size_t MinHeapSize                              = 8388608                                   {product} {ergonomic}
    uintx NonNMethodCodeHeapSize                   = 8192380                                {pd product} {ergonomic}
    uintx NonProfiledCodeHeapSize                  = 121732930                              {pd product} {ergonomic}
    uintx ProfiledCodeHeapSize                     = 121732930                              {pd product} {ergonomic}
    uintx ReservedCodeCacheSize                    = 251658240                              {pd product} {ergonomic}
     bool SegmentedCodeCache                       = true                                      {product} {ergonomic}
   size_t SoftMaxHeapSize                          = 16223567872                            {manageable} {ergonomic}
     bool UseCompressedOops                        = true                           {product lp64_product} {ergonomic}
     bool UseG1GC                                  = true                                      {product} {ergonomic}

Logging:
Log output configuration:
 #0: 
[error occurred during error reporting (printing log configuration), id 0xb, SIGSEGV (0xb) at pc=0x00007aca68fdf87a]
Release file:
IMPLEMENTOR="Ubuntu"
JAVA_RUNTIME_VERSION="21.0.11+10-1-26.04.2-Ubuntu"
JAVA_VERSION="21.0.11"
JAVA_VERSION_DATE="2026-04-21"
LIBC="gnu"
MODULES="java.base java.compiler java.datatransfer java.xml java.prefs java.desktop java.instrument java.logging java.management java.security.sasl java.naming java.rmi java.management.rmi java.net.http java.scripting java.security.jgss java.transaction.xa java.sql java.sql.rowset java.xml.crypto java.se java.smartcardio jdk.accessibility jdk.internal.jvmstat jdk.attach jdk.charsets jdk.internal.opt jdk.zipfs jdk.compiler jdk.crypto.ec jdk.crypto.cryptoki jdk.dynalink jdk.internal.ed jdk.editpad jdk.hotspot.agent jdk.httpserver jdk.incubator.vector jdk.internal.le jdk.internal.vm.ci jdk.internal.vm.compiler jdk.internal.vm.compiler.management jdk.jartool jdk.javadoc jdk.jcmd jdk.management jdk.management.agent jdk.jconsole jdk.jdeps jdk.jdwp.agent jdk.jdi jdk.jfr jdk.jlink jdk.jpackage jdk.jshell jdk.jsobject jdk.jstatd jdk.localedata jdk.management.jfr jdk.naming.dns jdk.naming.rmi jdk.net jdk.nio.mapmode jdk.random jdk.sctp jdk.security.auth jdk.security.jgss jdk.unsupported jdk.unsupported.desktop jdk.xml.dom"
OS_ARCH="x86_64"
OS_NAME="Linux"
SOURCE=""

Environment Variables:
PATH=/opt/gradle-9.0/bin:/usr/local/sbin:/usr/local/bin:/usr/sbin:/usr/bin:/sbin:/bin:/usr/games:/usr/local/games:/snap/bin:/snap/bin
USERNAME=gooberheads
SHELL=/bin/bash
DISPLAY=:0
WAYLAND_DISPLAY=wayland-0
LANG=en_US.UTF-8
TERM=xterm-256color

Active Locale:
LC_ALL=en_US.UTF-8
LC_COLLATE=en_US.UTF-8
LC_CTYPE=en_US.UTF-8
LC_MESSAGES=en_US.UTF-8
LC_MONETARY=en_US.UTF-8
LC_NUMERIC=en_US.UTF-8
LC_TIME=en_US.UTF-8

Signal Handlers:
   SIGSEGV: crash_handler in libjvm.so, mask=11100100010111111101111111111110, flags=SA_RESTART|SA_SIGINFO, unblocked
    SIGBUS: crash_handler in libjvm.so, mask=11100100010111111101111111111110, flags=SA_RESTART|SA_SIGINFO, unblocked
    SIGFPE: crash_handler in libjvm.so, mask=11100100010111111101111111111110, flags=SA_RESTART|SA_SIGINFO, unblocked
   SIGPIPE: javaSignalHandler in libjvm.so, mask=11100100010111111101111111111110, flags=SA_RESTART|SA_SIGINFO, blocked
   SIGXFSZ: javaSignalHandler in libjvm.so, mask=11100100010111111101111111111110, flags=SA_RESTART|SA_SIGINFO, blocked
    SIGILL: crash_handler in libjvm.so, mask=11100100010111111101111111111110, flags=SA_RESTART|SA_SIGINFO, unblocked
   SIGUSR2: SR_handler in libjvm.so, mask=00000000000000000000000000000000, flags=SA_RESTART|SA_SIGINFO, blocked
    SIGHUP: UserHandler in libjvm.so, mask=11100100010111111101111111111110, flags=SA_RESTART|SA_SIGINFO, blocked
    SIGINT: UserHandler in libjvm.so, mask=11100100010111111101111111111110, flags=SA_RESTART|SA_SIGINFO, blocked
   SIGTERM: UserHandler in libjvm.so, mask=11100100010111111101111111111110, flags=SA_RESTART|SA_SIGINFO, blocked
   SIGQUIT: UserHandler in libjvm.so, mask=11100100010111111101111111111110, flags=SA_RESTART|SA_SIGINFO, blocked
   SIGTRAP: crash_handler in libjvm.so, mask=11100100010111111101111111111110, flags=SA_RESTART|SA_SIGINFO, unblocked


Periodic native trim disabled

---------------  S Y S T E M  ---------------

OS:
DISTRIB_ID=Ubuntu
DISTRIB_RELEASE=26.04
DISTRIB_CODENAME=resolute
DISTRIB_DESCRIPTION="Ubuntu 26.04 LTS"
uname: Linux 7.0.0-22-generic #22-Ubuntu SMP PREEMPT_DYNAMIC Mon May 25 15:54:34 UTC 2026 x86_64
OS uptime: 0 days 1:43 hours
libc: glibc 2.43 NPTL 2.43 
rlimit (soft/hard): STACK 8192k/infinity , CORE 0k/infinity , NPROC 209396/209396 , NOFILE 524288/524288 , AS infinity/infinity , CPU infinity/infinity , DATA infinity/infinity , FSIZE infinity/infinity , MEMLOCK 8192k/8192k
load average: 5.55 5.63 6.31

/proc/meminfo:
MemTotal:       63343968 kB
MemFree:         2346908 kB
MemAvailable:   30774176 kB
Buffers:          244040 kB
Cached:         28544224 kB
SwapCached:          536 kB
Active:         20938712 kB
Inactive:       35207144 kB
Active(anon):   19198936 kB
Inactive(anon):  8727768 kB
Active(file):    1739776 kB
Inactive(file): 26479376 kB
Unevictable:         340 kB
Mlocked:             340 kB
SwapTotal:       8388604 kB
SwapFree:        8387684 kB
Zswap:                 0 kB
Zswapped:              0 kB
Dirty:             11888 kB
Writeback:             0 kB
AnonPages:      27358420 kB
Mapped:          4182560 kB
Shmem:            569560 kB
KReclaimable:     894076 kB
Slab:            1538888 kB
SReclaimable:     894076 kB
SUnreclaim:       644812 kB
KernelStack:       47692 kB
PageTables:       163160 kB
SecPageTables:      9916 kB
NFS_Unstable:          0 kB
Bounce:                0 kB
WritebackTmp:          0 kB
CommitLimit:    40060588 kB
Committed_AS:   64552988 kB
VmallocTotal:   34359738367 kB
VmallocUsed:      185692 kB
VmallocChunk:          0 kB
Percpu:            46336 kB
HardwareCorrupted:     0 kB
AnonHugePages:  15630336 kB
ShmemHugePages:        0 kB
ShmemPmdMapped:        0 kB
FileHugePages:    167936 kB
FilePmdMapped:      8192 kB
CmaTotal:              0 kB
CmaFree:          365776 kB
Unaccepted:            0 kB
Balloon:               0 kB
HugePages_Total:       0
HugePages_Free:        0
HugePages_Rsvd:        0
HugePages_Surp:        0
Hugepagesize:       2048 kB
Hugetlb:               0 kB
DirectMap4k:    20104528 kB
DirectMap2M:    33243136 kB
DirectMap1G:    13631488 kB

/sys/kernel/mm/transparent_hugepage/enabled: always [madvise] never
/sys/kernel/mm/transparent_hugepage/hpage_pmd_size: 2097152
/sys/kernel/mm/transparent_hugepage/defrag (defrag/compaction efforts parameter): always defer defer+madvise [madvise] never

Process Memory:
Virtual Size: 22663848K (peak: 22676500K)
Resident Set Size: 2242424K (peak: 2242424K) (anon: 705528K, file: 1534972K, shmem: 1924K)
Swapped out: 0K
C-Heap outstanding allocations: 84410K, retained: 40557K
glibc malloc tunables: (default)

/proc/sys/kernel/threads-max (system-wide limit on the number of threads): 418793
/proc/sys/vm/max_map_count (maximum number of memory map areas a process may have): 1048576
/proc/sys/vm/swappiness (control to define how aggressively the kernel swaps out anonymous memory): 60
/proc/sys/kernel/pid_max (system-wide limit on number of process identifiers): 4194304

container information not found.
Steal ticks since vm start: 0
Steal ticks percentage since vm start:  0.000

CPU: total 32 (initial active 32) (32 cores per cpu, 2 threads per core) family 23 model 1 stepping 1 microcode 0x8001138, cx8, cmov, fxsr, ht, mmx, 3dnowpref, sse, sse2, sse3, ssse3, sse4a, sse4.1, sse4.2, popcnt, lzcnt, tsc, tscinvbit, avx, avx2, aes, clmul, bmi1, bmi2, adx, sha, fma, vzeroupper, clflush, clflushopt, rdtscp, f16c
CPU Model and flags from /proc/cpuinfo:
model name	: AMD Ryzen Threadripper 1950X 16-Core Processor
flags		: fpu vme de pse tsc msr pae mce cx8 apic sep mtrr pge mca cmov pat pse36 clflush mmx fxsr sse sse2 ht syscall nx mmxext fxsr_opt pdpe1gb rdtscp lm constant_tsc rep_good nopl nonstop_tsc cpuid extd_apicid amd_dcm aperfmperf rapl pni pclmulqdq monitor ssse3 fma cx16 sse4_1 sse4_2 movbe popcnt aes xsave avx f16c rdrand lahf_lm cmp_legacy svm extapic cr8_legacy abm sse4a misalignsse 3dnowprefetch osvw skinit wdt tce topoext perfctr_core perfctr_nb bpext perfctr_llc mwaitx cpb hw_pstate ssbd ibpb vmmcall fsgsbase bmi1 avx2 smep bmi2 rdseed adx smap clflushopt sha_ni xsaveopt xsavec xgetbv1 clzero xsaveerptr arat npt lbrv svm_lock nrip_save tsc_scale vmcb_clean flushbyasid decodeassists pausefilter pfthreshold avic v_vmsave_vmload vgif overflow_recov succor smca sev

Online cpus: 0-31
Offline cpus: 
BIOS frequency limitation: 3400000
Frequency switch latency (ns): 0
Available cpu frequencies: 3400000 2800000 2200000 
Current governor: schedutil
Core performance/turbo boost: 1

Memory: 4k page, physical 63343968k(30773688k free), swap 8388604k(8387684k free)
Page Sizes: 4k

vm_info: OpenJDK 64-Bit Server VM (21.0.11+10-1-26.04.2-Ubuntu) for linux-amd64 JRE (21.0.11+10-1-26.04.2-Ubuntu), built on 2026-04-26T09:33:56Z by "buildd" with gcc 15.2.0

END.
